idRisultato,gara,posizionePartenza,posizioneArrivo,ritiro,tempoTotale,giroVeloce,giriInTesta
0000001,000001,2,1,0,00:00:00,00:00:00,
0000002,000001,7,2,0,00:00:00,00:00:00,
0000003,000001,6,3,0,00:00:00,00:00:00,
0000004,000001,5,4,0,00:00:00,00:00:00,
0000005,000001,3,5,0,00:00:00,00:00:00,
0000006,000001,8,6,0,00:00:00,00:00:00,
0000007,000001,10,7,0,00:00:00,00:00:00,
0000008,000001,13,8,0,00:00:00,00:00:00,
0000009,000001,11,9,0,00:00:00,00:00:00,
0000010,000001,16,10,0,00:00:00,00:00:00,
0000011,000001,12,11,0,00:00:00,00:00:00,
0000012,000001,19,12,0,00:00:00,00:00:00,
0000013,000001,17,13,0,00:00:00,00:00:00,
0000014,000001,20,14,0,00:00:00,00:00:00,
0000015,000001,22,15,0,00:00:00,00:00:00,
0000016,000001,24,16,0,00:00:00,00:00:00,
0000017,000001,21,17,0,00:00:00,00:00:00,
0000018,000001,23,18,0,00:00:00,00:00:00,
0000019,000001,1,19,1,00:00:00,00:00:00,
0000020,000001,9,20,1,00:00:00,00:00:00,
0000021,000001,14,21,1,00:00:00,00:00:00,
0000022,000001,18,22,1,00:00:00,00:00:00,
0000023,000001,15,23,1,00:00:00,00:00:00,
0000024,000001,4,24,1,00:00:00,00:00:00,
0000025,000002,7,1,0,00:00:00,00:00:00,0
0000026,000002,1,2,0,00:00:00,00:00:00,0
0000027,000002,3,3,0,00:00:00,00:00:00,0
0000028,000002,9,4,0,00:00:00,00:00:00,0
0000029,000002,8,5,0,00:00:00,00:00:00,0
0000030,000002,17,6,0,00:00:00,00:00:00,0
0000031,000002,14,7,0,00:00:00,00:00:00,0
0000032,000002,4,8,0,00:00:00,00:00:00,0
0000033,000002,10,9,0,00:00:00,00:00:00,0
0000034,000002,22,10,0,00:00:00,00:00:00,0
0000035,000002,5,11,0,00:00:00,00:00:00,0
0000036,000002,15,12,0,00:00:00,00:00:00,0
0000037,000002,18,13,0,00:00:00,00:00:00,0
0000038,000002,12,14,0,00:00:00,00:00:00,0
0000039,000002,6,15,0,00:00:00,00:00:00,0
0000040,000002,19,16,0,00:00:00,00:00:00,0
0000041,000002,20,17,0,00:00:00,00:00:00,0
0000042,000002,11,18,0,00:00:00,00:00:00,0
0000043,000002,23,19,0,00:00:00,00:00:00,0
0000044,000002,13,20,0,00:00:00,00:00:00,0
0000045,000002,21,21,0,00:00:00,00:00:00,0
0000046,000002,2,22,1,00:00:00,00:00:00,0
0000047,000002,16,23,1,00:00:00,00:00:00,0
0000048,000003,1,1,0,00:00:00,00:00:00,0
0000049,000003,2,2,0,00:00:00,00:00:00,0
0000050,000003,7,3,0,00:00:00,00:00:00,0
0000051,000003,8,4,0,00:00:00,00:00:00,0
0000052,000003,13,5,0,00:00:00,00:00:00,0
0000053,000003,11,6,0,00:00:00,00:00:00,0
0000054,000003,5,7,0,00:00:00,00:00:00,0
0000055,000003,6,8,0,00:00:00,00:00:00,0
0000056,000003,17,9,0,00:00:00,00:00:00,0
0000057,000003,12,10,0,00:00:00,00:00:00,0
0000058,000003,3,11,0,00:00:00,00:00:00,0
0000059,000003,10,12,0,00:00:00,00:00:00,0
0000060,000003,16,13,0,00:00:00,00:00:00,0
0000061,000003,14,14,0,00:00:00,00:00:00,0
0000062,000003,19,15,0,00:00:00,00:00:00,0
0000063,000003,21,16,0,00:00:00,00:00:00,0
0000064,000003,22,17,0,00:00:00,00:00:00,0
0000065,000003,23,18,0,00:00:00,00:00:00,0
0000066,000003,24,19,0,00:00:00,00:00:00,0
0000067,000003,18,20,0,00:00:00,00:00:00,0
0000068,000003,20,21,1,00:00:00,00:00:00,0
0000069,000003,4,22,1,00:00:00,00:00:00,0
0000070,000003,15,23,1,00:00:00,00:00:00,0
0000071,000003,9,24,1,00:00:00,00:00:00,0
0000072,000004,5,1,0,00:00:00,00:00:00,0
0000073,000004,7,2,0,00:00:00,00:00:00,0
0000074,000004,2,3,0,00:00:00,00:00:00,0
0000075,000004,8,4,0,00:00:00,00:00:00,0
0000076,000004,3,5,0,00:00:00,00:00:00,0
0000077,000004,9,6,0,00:00:00,00:00:00,0
0000078,000004,6,7,0,00:00:00,00:00:00,0
0000079,000004,1,8,0,00:00:00,00:00:00,0
0000080,000004,4,9,0,00:00:00,00:00:00,0
0000081,000004,14,10,0,00:00:00,00:00:00,0
0000082,000004,13,11,0,00:00:00,00:00:00,0
0000083,000004,17,12,0,00:00:00,00:00:00,0
0000084,000004,12,13,0,00:00:00,00:00:00,0
0000085,000004,10,14,0,00:00:00,00:00:00,0
0000086,000004,15,15,0,00:00:00,00:00:00,0
0000087,000004,19,16,0,00:00:00,00:00:00,0
0000088,000004,11,17,0,00:00:00,00:00:00,0
0000089,000004,20,18,0,00:00:00,00:00:00,0
0000090,000004,21,19,0,00:00:00,00:00:00,0
0000091,000004,22,20,0,00:00:00,00:00:00,0
0000092,000004,18,21,0,00:00:00,00:00:00,0
0000093,000004,24,22,0,00:00:00,00:00:00,0
0000094,000004,23,23,1,00:00:00,00:00:00,0
0000095,000004,16,24,1,00:00:00,00:00:00,0
0000096,000005,5,1,0,00:00:00,00:00:00,0
0000097,000005,1,2,0,00:00:00,00:00:00,0
0000098,000005,3,3,0,00:00:00,00:00:00,0
0000099,000005,23,4,0,00:00:00,00:00:00,0
0000100,000005,11,5,0,00:00:00,00:00:00,0
0000101,000005,9,6,0,00:00:00,00:00:00,0
0000102,000005,7,7,0,00:00:00,00:00:00,0
0000103,000005,24,8,0,00:00:00,00:00:00,0
0000104,000005,10,9,0,00:00:00,00:00:00,0
0000105,000005,14,10,0,00:00:00,00:00:00,0
0000106,000005,16,11,0,00:00:00,00:00:00,0
0000107,000005,8,12,0,00:00:00,00:00:00,0
0000108,000005,19,13,0,00:00:00,00:00:00,0
0000109,000005,20,14,0,00:00:00,00:00:00,0
0000110,000005,6,15,0,00:00:00,00:00:00,0
0000111,000005,17,16,0,00:00:00,00:00:00,0
0000112,000005,22,17,0,00:00:00,00:00:00,0
0000113,000005,21,18,1,00:00:00,00:00:00,0
0000114,000005,15,19,1,00:00:00,00:00:00,0
0000115,000005,2,20,1,00:00:00,00:00:00,0
0000116,000005,4,21,1,00:00:00,00:00:00,0
0000117,000005,12,22,1,00:00:00,00:00:00,0
0000118,000005,18,23,1,00:00:00,00:00:00,0
0000119,000005,13,24,1,00:00:00,00:00:00,0
0000120,000006,1,1,0,00:00:00,00:00:00,0
0000121,000006,2,2,0,00:00:00,00:00:00,0
0000122,000006,3,3,0,00:00:00,00:00:00,0
0000123,000006,5,4,0,00:00:00,00:00:00,0
0000124,000006,4,5,0,00:00:00,00:00:00,0
0000125,000006,9,6,0,00:00:00,00:00:00,0
0000126,000006,7,7,0,00:00:00,00:00:00,0
0000127,000006,11,8,0,00:00:00,00:00:00,0
0000128,000006,8,9,0,00:00:00,00:00:00,0
0000129,000006,15,10,0,00:00:00,00:00:00,0
0000130,000006,13,11,0,00:00:00,00:00:00,0
0000131,000006,21,12,0,00:00:00,00:00:00,0
0000132,000006,22,13,0,00:00:00,00:00:00,0
0000133,000006,12,14,0,00:00:00,00:00:00,0
0000134,000006,16,15,0,00:00:00,00:00:00,0
0000135,000006,19,16,0,00:00:00,00:00:00,0
0000136,000006,23,17,0,00:00:00,00:00:00,0
0000137,000006,17,18,0,00:00:00,00:00:00,0
0000138,000006,14,19,0,00:00:00,00:00:00,0
0000139,000006,18,20,0,00:00:00,00:00:00,0
0000140,000006,24,21,0,00:00:00,00:00:00,0
0000141,000006,10,22,0,00:00:00,00:00:00,0
0000142,000006,20,23,1,00:00:00,00:00:00,0
0000143,000006,6,24,1,00:00:00,00:00:00,0
0000144,000006,25,25,1,00:00:00,00:00:00,0
0000145,000007,5,1,0,00:00:00,00:00:00,0
0000146,000007,2,2,0,00:00:00,00:00:00,0
0000147,000007,3,3,0,00:00:00,00:00:00,0
0000148,000007,4,4,0,00:00:00,00:00:00,0
0000149,000007,9,5,0,00:00:00,00:00:00,0
0000150,000007,10,6,0,00:00:00,00:00:00,0
0000151,000007,12,7,0,00:00:00,00:00:00,0
0000152,000007,18,8,0,00:00:00,00:00:00,0
0000153,000007,15,9,0,00:00:00,00:00:00,0
0000154,000007,14,10,0,00:00:00,00:00:00,0
0000155,000007,11,11,0,00:00:00,00:00:00,0
0000156,000007,13,12,0,00:00:00,00:00:00,0
0000157,000007,16,13,0,00:00:00,00:00:00,0
0000158,000007,21,14,0,00:00:00,00:00:00,0
0000159,000007,19,15,0,00:00:00,00:00:00,0
0000160,000007,20,16,0,00:00:00,00:00:00,0
0000161,000007,23,17,0,00:00:00,00:00:00,0
0000162,000007,17,18,1,00:00:00,00:00:00,0
0000163,000007,1,19,1,00:00:00,00:00:00,0
0000164,000007,8,20,1,00:00:00,00:00:00,0
0000165,000007,6,21,1,00:00:00,00:00:00,0
0000166,000007,24,22,1,00:00:00,00:00:00,0
0000167,000007,7,23,1,00:00:00,00:00:00,0
0000168,000007,22,24,1,00:00:00,00:00:00,0
0000169,000008,5,1,0,00:00:00,00:00:00,0
0000170,000008,6,2,0,00:00:00,00:00:00,0
0000171,000008,7,3,0,00:00:00,00:00:00,0
0000172,000008,4,4,0,00:00:00,00:00:00,0
0000173,000008,2,5,0,00:00:00,00:00:00,0
0000174,000008,3,6,0,00:00:00,00:00:00,0
0000175,000008,16,7,0,00:00:00,00:00:00,0
0000176,000008,8,8,0,00:00:00,00:00:00,0
0000177,000008,15,9,0,00:00:00,00:00:00,0
0000178,000008,11,10,0,00:00:00,00:00:00,0
0000179,000008,1,11,0,00:00:00,00:00:00,0
0000180,000008,24,12,0,00:00:00,00:00:00,0
0000181,000008,14,13,0,00:00:00,00:00:00,0
0000182,000008,18,14,0,00:00:00,00:00:00,0
0000183,000008,12,15,0,00:00:00,00:00:00,0
0000184,000008,20,16,0,00:00:00,00:00:00,0
0000185,000008,23,17,0,00:00:00,00:00:00,0
0000186,000008,13,18,0,00:00:00,00:00:00,0
0000187,000008,19,19,0,00:00:00,00:00:00,0
0000188,000008,26,20,0,00:00:00,00:00:00,0
0000189,000008,25,21,0,00:00:00,00:00:00,0
0000190,000008,22,22,0,00:00:00,00:00:00,0
0000191,000008,10,23,1,00:00:00,00:00:00,0
0000192,000008,17,24,1,00:00:00,00:00:00,0
0000193,000008,21,25,1,00:00:00,00:00:00,0
0000194,000008,9,26,1,00:00:00,00:00:00,0
0000195,000009,3,1,0,00:00:00,00:00:00,0
0000196,000009,4,2,0,00:00:00,00:00:00,0
0000197,000009,4,3,0,00:00:00,00:00:00,0
0000198,000009,17,4,0,00:00:00,00:00:00,0
0000199,000009,1,5,0,00:00:00,00:00:00,0
0000200,000009,9,6,0,00:00:00,00:00:00,0
0000201,000009,8,7,0,00:00:00,00:00:00,0
0000202,000009,15,8,0,00:00:00,00:00:00,0
0000203,000009,16,9,0,00:00:00,00:00:00,0
0000204,000009,25,10,0,00:00:00,00:00:00,0
0000205,000009,20,11,0,00:00:00,00:00:00,0
0000206,000009,23,12,0,00:00:00,00:00:00,0
0000207,000009,18,13,0,00:00:00,00:00:00,0
0000208,000009,11,14,0,00:00:00,00:00:00,0
0000209,000009,24,15,0,00:00:00,00:00:00,0
0000210,000009,22,16,0,00:00:00,00:00:00,0
0000211,000009,10,17,0,00:00:00,00:00:00,0
0000212,000009,19,18,1,00:00:00,00:00:00,0
0000213,000009,5,19,1,00:00:00,00:00:00,0
0000214,000009,14,20,1,00:00:00,00:00:00,0
0000215,000009,13,21,1,00:00:00,00:00:00,0
0000216,000009,2,22,1,00:00:00,00:00:00,0
0000217,000009,21,23,1,00:00:00,00:00:00,0
0000218,000009,12,24,1,00:00:00,00:00:00,0
0000219,000009,7,25,1,00:00:00,00:00:00,0
0000220,000010,2,1,0,00:00:00,00:00:00,0
0000221,000010,3,2,0,00:00:00,00:00:00,0
0000222,000010,6,3,0,00:00:00,00:00:00,0
0000223,000010,4,4,0,00:00:00,00:00:00,0
0000224,000010,7,5,0,00:00:00,00:00:00,0
0000225,000010,8,6,0,00:00:00,00:00:00,0
0000226,000010,15,7,0,00:00:00,00:00:00,0
0000227,000010,5,8,0,00:00:00,00:00:00,0
0000228,000010,14,9,0,00:00:00,00:00:00,0
0000229,000010,17,10,0,00:00:00,00:00:00,0
0000230,000010,11,11,0,00:00:00,00:00:00,0
0000231,000010,22,12,0,00:00:00,00:00:00,0
0000232,000010,20,13,0,00:00:00,00:00:00,0
0000233,000010,19,14,0,00:00:00,00:00:00,0
0000234,000010,21,15,0,00:00:00,00:00:00,0
0000235,000010,18,16,0,00:00:00,00:00:00,0
0000236,000010,13,17,1,00:00:00,00:00:00,0
0000237,000010,9,18,1,00:00:00,00:00:00,0
0000238,000010,10,19,1,00:00:00,00:00:00,0
0000239,000010,6,20,1,00:00:00,00:00:00,0
0000240,000010,23,21,1,00:00:00,00:00:00,0
0000241,000010,1,22,1,00:00:00,00:00:00,0
0000242,000010,12,23,1,00:00:00,00:00:00,0
0000243,000011,1,1,0,00:00:00,00:00:00,0
0000244,000011,4,2,0,00:00:00,00:00:00,0
0000245,000011,11,3,0,00:00:00,00:00:00,0
0000246,000011,5,4,0,00:00:00,00:00:00,0
0000247,000011,10,5,0,00:00:00,00:00:00,0
0000248,000011,6,6,0,00:00:00,00:00:00,0
0000249,000011,3,7,0,00:00:00,00:00:00,0
0000250,000011,14,8,0,00:00:00,00:00:00,0
0000251,000011,8,9,0,00:00:00,00:00:00,0
0000252,000011,9,10,0,00:00:00,00:00:00,0
0000253,000011,16,11,0,00:00:00,00:00:00,0
0000254,000011,12,12,0,00:00:00,00:00:00,0
0000255,000011,7,13,0,00:00:00,00:00:00,0
0000256,000011,15,14,0,00:00:00,00:00:00,0
0000257,000011,21,15,0,00:00:00,00:00:00,0
0000258,000011,17,16,0,00:00:00,00:00:00,0
0000259,000011,13,17,0,00:00:00,00:00:00,0
0000260,000011,18,18,0,00:00:00,00:00:00,0
0000261,000011,19,19,0,00:00:00,00:00:00,0
0000262,000011,22,20,0,00:00:00,00:00:00,0
0000263,000011,23,21,1,00:00:00,00:00:00,0
0000264,000011,2,22,1,00:00:00,00:00:00,0
0000265,000011,24,23,1,00:00:00,00:00:00,0
0000266,000011,20,24,1,00:00:00,00:00:00,0
0000267,000012,1,1,0,00:00:00,00:00:00,0
0000268,000012,9,2,0,00:00:00,00:00:00,0
0000269,000012,3,3,0,00:00:00,00:00:00,0
0000270,000012,6,4,0,00:00:00,00:00:00,0
0000271,000012,2,5,0,00:00:00,00:00:00,0
0000272,000012,5,6,0,00:00:00,00:00:00,0
0000273,000012,12,7,0,00:00:00,00:00:00,0
0000274,000012,14,8,0,00:00:00,00:00:00,0
0000275,000012,11,9,0,00:00:00,00:00:00,0
0000276,000012,13,10,0,00:00:00,00:00:00,0
0000277,000012,7,11,0,00:00:00,00:00:00,0
0000278,000012,10,12,0,00:00:00,00:00:00,0
0000279,000012,15,13,0,00:00:00,00:00:00,0
0000280,000012,21,14,0,00:00:00,00:00:00,0
0000281,000012,26,15,0,00:00:00,00:00:00,0
0000282,000012,8,16,0,00:00:00,00:00:00,0
0000283,000012,20,17,0,00:00:00,00:00:00,0
0000284,000012,18,18,0,00:00:00,00:00:00,0
0000285,000012,17,19,0,00:00:00,00:00:00,0
0000286,000012,23,20,0,00:00:00,00:00:00,0
0000287,000012,22,21,0,00:00:00,00:00:00,0
0000288,000012,24,22,0,00:00:00,00:00:00,0
0000289,000012,25,23,0,00:00:00,00:00:00,0
0000290,000012,28,24,0,00:00:00,00:00:00,0
0000291,000012,27,25,0,00:00:00,00:00:00,0
0000292,000012,29,26,0,00:00:00,00:00:00,0
0000293,000012,16,27,1,00:00:00,00:00:00,0
0000294,000012,19,28,1,00:00:00,00:00:00,0
0000295,000012,4,29,1,00:00:00,00:00:00,0
0000296,000013,4,1,0,00:00:00,00:00:00,0
0000297,000013,7,2,0,00:00:00,00:00:00,0
0000298,000013,13,3,0,00:00:00,00:00:00,0
0000299,000013,3,4,0,00:00:00,00:00:00,0
0000300,000013,2,5,0,00:00:00,00:00:00,0
0000301,000013,20,6,0,00:00:00,00:00:00,0
0000302,000013,12,7,0,00:00:00,00:00:00,0
0000303,000013,8,8,0,00:00:00,00:00:00,0
0000304,000013,10,9,0,00:00:00,00:00:00,0
0000305,000013,6,10,0,00:00:00,00:00:00,0
0000306,000013,19,11,0,00:00:00,00:00:00,0
0000307,000013,11,12,0,00:00:00,00:00:00,0
0000308,000013,18,13,0,00:00:00,00:00:00,0
0000309,000013,15,14,0,00:00:00,00:00:00,0
0000310,000013,5,15,0,00:00:00,00:00:00,0
0000311,000013,21,16,0,00:00:00,00:00:00,0
0000312,000013,14,17,0,00:00:00,00:00:00,0
0000313,000013,17,18,0,00:00:00,00:00:00,0
0000314,000013,16,19,0,00:00:00,00:00:00,0
0000315,000013,26,20,0,00:00:00,00:00:00,0
0000316,000013,22,21,0,00:00:00,00:00:00,0
0000317,000013,23,22,0,00:00:00,00:00:00,0
0000318,000013,24,23,0,00:00:00,00:00:00,0
0000319,000013,28,24,0,00:00:00,00:00:00,0
0000320,000013,27,25,0,00:00:00,00:00:00,0
0000321,000013,29,26,1,00:00:00,00:00:00,0
0000322,000013,1,27,1,00:00:00,00:00:00,0
0000323,000013,25,28,1,00:00:00,00:00:00,0
0000324,000013,9,29,1,00:00:00,00:00:00,0
0000325,000014,6,1,0,00:00:00,00:00:00,0
0000326,000014,7,2,0,00:00:00,00:00:00,0
0000327,000014,8,3,0,00:00:00,00:00:00,0
0000328,000014,12,4,0,00:00:00,00:00:00,0
0000329,000014,5,5,0,00:00:00,00:00:00,0
0000330,000014,3,6,0,00:00:00,00:00:00,0
0000331,000014,17,7,0,00:00:00,00:00:00,0
0000332,000014,4,8,0,00:00:00,00:00:00,0
0000333,000014,9,9,0,00:00:00,00:00:00,0
0000334,000014,11,10,0,00:00:00,00:00:00,0
0000335,000014,16,11,0,00:00:00,00:00:00,0
0000336,000014,18,12,0,00:00:00,00:00:00,0
0000337,000014,15,13,0,00:00:00,00:00:00,0
0000338,000014,10,14,0,00:00:00,00:00:00,0
0000339,000014,22,15,0,00:00:00,00:00:00,0
0000340,000014,25,16,0,00:00:00,00:00:00,0
0000341,000014,21,17,0,00:00:00,00:00:00,0
0000342,000014,26,18,0,00:00:00,00:00:00,0
0000343,000014,29,19,0,00:00:00,00:00:00,0
0000344,000014,13,20,1,00:00:00,00:00:00,0
0000345,000014,19,21,1,00:00:00,00:00:00,0
0000346,000014,20,22,1,00:00:00,00:00:00,0
0000347,000014,23,23,1,00:00:00,00:00:00,0
0000348,000014,28,24,1,00:00:00,00:00:00,0
0000349,000014,1,25,1,00:00:00,00:00:00,0
0000350,000014,14,26,1,00:00:00,00:00:00,0
0000351,000014,2,27,1,00:00:00,00:00:00,0
0000352,000014,24,28,1,00:00:00,00:00:00,0
0000353,000014,27,29,1,00:00:00,00:00:00,0
0000354,000025,1,1,0,00:00:00,00:00:00,0
0000355,000025,11,2,0,00:00:00,00:00:00,0
0000356,000025,2,3,0,00:00:00,00:00:00,0
0000357,000025,4,4,0,00:00:00,00:00:00,0
0000358,000025,9,5,0,00:00:00,00:00:00,0
0000359,000025,10,6,0,00:00:00,00:00:00,0
0000360,000025,6,7,0,00:00:00,00:00:00,0
0000361,000025,18,8,0,00:00:00,00:00:00,0
0000362,000025,13,9,0,00:00:00,00:00:00,0
0000363,000025,5,10,0,00:00:00,00:00:00,0
0000364,000025,21,11,0,00:00:00,00:00:00,0
0000365,000025,14,12,0,00:00:00,00:00:00,0
0000366,000025,23,13,0,00:00:00,00:00:00,0
0000367,000025,16,14,0,00:00:00,00:00:00,0
0000368,000025,15,15,0,00:00:00,00:00:00,0
0000369,000025,17,16,0,00:00:00,00:00:00,0
0000370,000025,22,17,0,00:00:00,00:00:00,0
0000371,000025,24,18,0,00:00:00,00:00:00,0
0000372,000025,26,19,0,00:00:00,00:00:00,0
0000373,000025,25,20,0,00:00:00,00:00:00,0
0000374,000025,20,21,0,00:00:00,00:00:00,0
0000375,000025,28,22,0,00:00:00,00:00:00,0
0000376,000025,29,23,0,00:00:00,00:00:00,0
0000377,000025,12,24,1,00:00:00,00:00:00,0
0000378,000025,15,25,1,00:00:00,00:00:00,0
0000379,000025,19,26,1,00:00:00,00:00:00,0
0000380,000025,3,27,1,00:00:00,00:00:00,0
0000381,000025,7,28,1,00:00:00,00:00:00,0
0000382,000025,27,29,1,00:00:00,00:00:00,0
0000383,000024,6,1,0,00:00:00,00:00:00,0
0000384,000024,8,2,0,00:00:00,00:00:00,0
0000385,000024,1,3,0,00:00:00,00:00:00,0
0000386,000024,7,4,0,00:00:00,00:00:00,0
0000387,000024,9,5,0,00:00:00,00:00:00,0
0000388,000024,4,6,0,00:00:00,00:00:00,0
0000389,000024,11,7,0,00:00:00,00:00:00,0
0000390,000024,13,8,0,00:00:00,00:00:00,0
0000391,000024,19,9,0,00:00:00,00:00:00,0
0000392,000024,20,10,0,00:00:00,00:00:00,0
0000393,000024,25,11,0,00:00:00,00:00:00,0
0000394,000024,28,12,0,00:00:00,00:00:00,0
0000395,000024,18,13,0,00:00:00,00:00:00,0
0000396,000024,3,14,0,00:00:00,00:00:00,0
0000397,000024,16,15,0,00:00:00,00:00:00,0
0000398,000024,23,16,0,00:00:00,00:00:00,0
0000399,000024,5,17,0,00:00:00,00:00:00,0
0000400,000024,22,18,0,00:00:00,00:00:00,0
0000401,000024,24,19,0,00:00:00,00:00:00,0
0000402,000024,27,20,0,00:00:00,00:00:00,0
0000403,000024,26,21,0,00:00:00,00:00:00,0
0000404,000024,10,22,1,00:00:00,00:00:00,0
0000405,000024,15,23,0,00:00:00,00:00:00,0
0000406,000024,21,24,1,00:00:00,00:00:00,0
0000407,000024,12,25,1,00:00:00,00:00:00,0
0000408,000024,17,26,1,00:00:00,00:00:00,0
0000409,000024,2,27,1,00:00:00,00:00:00,0
0000410,000024,14,28,1,00:00:00,00:00:00,0
0000411,000023,3,1,0,00:00:00,00:00:00,0
0000412,000023,6,2,0,00:00:00,00:00:00,0
0000413,000023,11,3,0,00:00:00,00:00:00,0
0000414,000023,9,4,0,00:00:00,00:00:00,0
0000415,000023,5,5,0,00:00:00,00:00:00,0
0000416,000023,18,6,0,00:00:00,00:00:00,0
0000417,000023,28,7,0,00:00:00,00:00:00,0
0000418,000023,27,8,0,00:00:00,00:00:00,0
0000419,000023,4,9,0,00:00:00,00:00:00,0
0000420,000023,10,10,0,00:00:00,00:00:00,0
0000421,000023,7,11,0,00:00:00,00:00:00,0
0000422,000023,13,12,0,00:00:00,00:00:00,0
0000423,000023,16,13,0,00:00:00,00:00:00,0
0000424,000023,20,14,0,00:00:00,00:00:00,0
0000425,000023,14,15,0,00:00:00,00:00:00,0
0000426,000023,12,16,0,00:00:00,00:00:00,0
0000427,000023,15,17,0,00:00:00,00:00:00,0
0000428,000023,24,18,0,00:00:00,00:00:00,0
0000429,000023,22,19,0,00:00:00,00:00:00,0
0000430,000023,23,20,0,00:00:00,00:00:00,0
0000431,000023,25,21,0,00:00:00,00:00:00,0
0000432,000023,26,22,0,00:00:00,00:00:00,0
0000433,000023,1,23,0,00:00:00,00:00:00,0
0000434,000023,2,24,1,00:00:00,00:00:00,0
0000435,000023,19,25,1,00:00:00,00:00:00,0
0000436,000023,17,26,1,00:00:00,00:00:00,0
0000437,000023,21,27,1,00:00:00,00:00:00,0
0000438,000023,29,28,1,00:00:00,00:00:00,0
0000439,000023,8,29,1,00:00:00,00:00:00,0
0000440,000015,4,1,0,00:00:00,00:00:00,0
0000441,000015,11,2,0,00:00:00,00:00:00,0
0000442,000015,6,3,0,00:00:00,00:00:00,0
0000443,000015,13,4,0,00:00:00,00:00:00,0
0000444,000015,7,5,0,00:00:00,00:00:00,0
0000445,000015,15,6,0,00:00:00,00:00:00,0
0000446,000015,12,7,0,00:00:00,00:00:00,0
0000447,000015,16,8,0,00:00:00,00:00:00,0
0000448,000015,18,9,0,00:00:00,00:00:00,0
0000449,000015,20,10,0,00:00:00,00:00:00,0
0000450,000015,5,11,0,00:00:00,00:00:00,0
0000451,000015,14,12,0,00:00:00,00:00:00,0
0000452,000015,23,13,0,00:00:00,00:00:00,0
0000453,000015,19,14,0,00:00:00,00:00:00,0
0000454,000015,21,15,0,00:00:00,00:00:00,0
0000455,000015,25,16,0,00:00:00,00:00:00,0
0000456,000015,28,17,0,00:00:00,00:00:00,0
0000457,000015,1,18,1,00:00:00,00:00:00,0
0000458,000015,27,19,1,00:00:00,00:00:00,0
0000459,000015,3,20,1,00:00:00,00:00:00,0
0000460,000015,2,21,1,00:00:00,00:00:00,0
0000461,000015,10,22,1,00:00:00,00:00:00,0
0000462,000015,26,23,1,00:00:00,00:00:00,0
0000463,000015,29,24,1,00:00:00,00:00:00,0
0000464,000015,24,25,1,00:00:00,00:00:00,0
0000465,000015,17,26,1,00:00:00,00:00:00,0
0000466,000015,9,27,1,00:00:00,00:00:00,0
0000467,000015,8,28,1,00:00:00,00:00:00,0
0000468,000015,22,29,1,00:00:00,00:00:00,0
0000469,000026,5,1,0,00:00:00,00:00:00,0
0000470,000026,2,2,0,00:00:00,00:00:00,0
0000471,000026,1,3,0,00:00:00,00:00:00,0
0000472,000026,9,4,0,00:00:00,00:00:00,0
0000473,000026,4,5,0,00:00:00,00:00:00,0
0000474,000026,3,6,0,00:00:00,00:00:00,0
0000475,000026,10,7,0,00:00:00,00:00:00,0
0000476,000026,13,8,0,00:00:00,00:00:00,0
0000477,000026,16,9,0,00:00:00,00:00:00,0
0000478,000026,15,10,0,00:00:00,00:00:00,0
0000479,000026,21,11,0,00:00:00,00:00:00,0
0000480,000026,12,12,0,00:00:00,00:00:00,0
0000481,000026,11,13,0,00:00:00,00:00:00,0
0000482,000026,18,14,0,00:00:00,00:00:00,0
0000483,000026,27,15,0,00:00:00,00:00:00,0
0000484,000026,24,16,0,00:00:00,00:00:00,0
0000485,000026,20,17,0,00:00:00,00:00:00,0
0000486,000026,17,18,0,00:00:00,00:00:00,0
0000487,000026,29,19,0,00:00:00,00:00:00,0
0000488,000026,22,20,0,00:00:00,00:00:00,0
0000489,000026,28,21,0,00:00:00,00:00:00,0
0000490,000026,23,22,0,00:00:00,00:00:00,0
0000491,000026,25,23,0,00:00:00,00:00:00,0
0000492,000026,7,24,1,00:00:00,00:00:00,0
0000493,000026,8,25,1,00:00:00,00:00:00,0
0000494,000026,6,26,1,00:00:00,00:00:00,0
0000495,000026,19,27,1,00:00:00,00:00:00,0
0000496,000026,14,28,1,00:00:00,00:00:00,0
0000497,000026,26,29,1,00:00:00,00:00:00,0
0000498,000016,9,1,0,00:00:00,00:00:00,0
0000499,000016,13,2,0,00:00:00,00:00:00,0
0000500,000016,11,3,0,00:00:00,00:00:00,0
0000501,000016,12,4,0,00:00:00,00:00:00,0
0000502,000016,16,5,0,00:00:00,00:00:00,0
0000503,000016,26,6,0,00:00:00,00:00:00,0
0000504,000016,15,7,0,00:00:00,00:00:00,0
0000505,000016,16,8,0,00:00:00,00:00:00,0
0000506,000016,23,9,0,00:00:00,00:00:00,0
0000507,000016,25,10,0,00:00:00,00:00:00,0
0000508,000016,24,11,0,00:00:00,00:00:00,0
0000509,000016,18,12,0,00:00:00,00:00:00,0
0000510,000016,29,13,0,00:00:00,00:00:00,0
0000511,000016,19,14,0,00:00:00,00:00:00,0
0000512,000016,28,15,0,00:00:00,00:00:00,0
0000513,000016,30,16,1,00:00:00,00:00:00,0
0000514,000016,3,17,1,00:00:00,00:00:00,0
0000515,000016,1,18,1,00:00:00,00:00:00,0
0000516,000016,2,19,1,00:00:00,00:00:00,0
0000517,000016,4,20,1,00:00:00,00:00:00,0
0000518,000016,5,21,1,00:00:00,00:00:00,0
0000519,000016,6,22,1,00:00:00,00:00:00,0
0000520,000016,7,23,1,00:00:00,00:00:00,0
0000521,000016,8,24,1,00:00:00,00:00:00,0
0000522,000016,10,25,1,00:00:00,00:00:00,0
0000523,000016,16,26,1,00:00:00,00:00:00,0
0000524,000016,17,27,1,00:00:00,00:00:00,0
0000525,000016,20,28,1,00:00:00,00:00:00,0
0000526,000016,27,29,1,00:00:00,00:00:00,0
0000527,000016,14,30,1,00:00:00,00:00:00,0
0000528,000027,6,1,0,00:00:00,00:00:00,0
0000529,000027,15,2,0,00:00:00,00:00:00,0
0000530,000027,10,3,0,00:00:00,00:00:00,0
0000531,000027,1,4,0,00:00:00,00:00:00,0
0000532,000027,9,5,0,00:00:00,00:00:00,0
0000533,000027,4,6,0,00:00:00,00:00:00,0
0000534,000027,11,7,0,00:00:00,00:00:00,0
0000535,000027,12,8,0,00:00:00,00:00:00,0
0000536,000027,22,9,0,00:00:00,00:00:00,0
0000537,000027,14,10,0,00:00:00,00:00:00,0
0000538,000027,7,11,0,00:00:00,00:00:00,0
0000539,000027,5,12,0,00:00:00,00:00:00,0
0000540,000027,8,13,0,00:00:00,00:00:00,0
0000541,000027,3,14,0,00:00:00,00:00:00,0
0000542,000027,17,15,0,00:00:00,00:00:00,0
0000543,000027,2,16,0,00:00:00,00:00:00,0
0000544,000027,24,17,0,00:00:00,00:00:00,0
0000545,000027,26,18,0,00:00:00,00:00:00,0
0000546,000027,25,19,0,00:00:00,00:00:00,0
0000547,000027,19,20,0,00:00:00,00:00:00,0
0000548,000027,16,21,0,00:00:00,00:00:00,0
0000549,000027,21,22,0,00:00:00,00:00:00,0
0000550,000027,27,23,0,00:00:00,00:00:00,0
0000551,000027,20,24,0,00:00:00,00:00:00,0
0000552,000027,30,25,0,00:00:00,00:00:00,0
0000553,000027,18,26,0,00:00:00,00:00:00,0
0000554,000027,29,27,0,00:00:00,00:00:00,0
0000555,000027,28,28,0,00:00:00,00:00:00,0
0000556,000027,13,29,1,00:00:00,00:00:00,0
0000557,000027,23,30,1,00:00:00,00:00:00,0
0000558,000017,1,1,0,00:00:00,00:00:00,0
0000559,000017,4,2,0,00:00:00,00:00:00,0
0000560,000017,2,3,0,00:00:00,00:00:00,0
0000561,000017,9,4,0,00:00:00,00:00:00,0
0000562,000017,18,5,0,00:00:00,00:00:00,0
0000563,000017,6,6,0,00:00:00,00:00:00,0
0000564,000017,8,7,0,00:00:00,00:00:00,0
0000565,000017,14,8,0,00:00:00,00:00:00,0
0000566,000017,12,9,0,00:00:00,00:00:00,0
0000567,000017,13,10,0,00:00:00,00:00:00,0
0000568,000017,21,11,0,00:00:00,00:00:00,0
0000569,000017,23,12,0,00:00:00,00:00:00,0
0000570,000017,26,13,0,00:00:00,00:00:00,0
0000571,000017,17,14,0,00:00:00,00:00:00,0
0000572,000017,16,15,0,00:00:00,00:00:00,0
0000573,000017,20,16,0,00:00:00,00:00:00,0
0000574,000017,15,17,0,00:00:00,00:00:00,0
0000575,000017,28,18,0,00:00:00,00:00:00,0
0000576,000017,24,19,0,00:00:00,00:00:00,0
0000577,000017,10,20,0,00:00:00,00:00:00,0
0000578,000017,22,21,0,00:00:00,00:00:00,0
0000579,000017,29,22,0,00:00:00,00:00:00,0
0000580,000017,30,23,0,00:00:00,00:00:00,0
0000581,000017,5,24,1,00:00:00,00:00:00,0
0000582,000017,19,25,1,00:00:00,00:00:00,0
0000583,000017,11,26,1,00:00:00,00:00:00,0
0000584,000017,7,27,1,00:00:00,00:00:00,0
0000585,000017,25,28,1,00:00:00,00:00:00,0
0000586,000017,3,29,1,00:00:00,00:00:00,0
0000587,000017,27,30,1,00:00:00,00:00:00,0
0000588,000028,1,1,0,00:00:00,00:00:00,0
0000589,000028,2,2,0,00:00:00,00:00:00,0
0000590,000028,3,3,0,00:00:00,00:00:00,0
0000591,000028,5,4,0,00:00:00,00:00:00,0
0000592,000028,6,5,0,00:00:00,00:00:00,0
0000593,000028,7,6,0,00:00:00,00:00:00,0
0000594,000028,18,7,0,00:00:00,00:00:00,0
0000595,000028,12,8,0,00:00:00,00:00:00,0
0000596,000028,19,9,0,00:00:00,00:00:00,0
0000597,000028,9,10,0,00:00:00,00:00:00,0
0000598,000028,17,11,0,00:00:00,00:00:00,0
0000599,000028,11,12,0,00:00:00,00:00:00,0
0000600,000028,15,13,0,00:00:00,00:00:00,0
0000601,000028,13,14,0,00:00:00,00:00:00,0
0000602,000028,26,15,0,00:00:00,00:00:00,0
0000603,000028,23,16,0,00:00:00,00:00:00,0
0000604,000028,27,17,0,00:00:00,00:00:00,0
0000605,000028,4,18,0,00:00:00,00:00:00,0
0000606,000028,16,19,0,00:00:00,00:00:00,0
0000607,000028,22,20,0,00:00:00,00:00:00,0
0000608,000028,24,21,0,00:00:00,00:00:00,0
0000609,000028,25,22,0,00:00:00,00:00:00,0
0000610,000028,28,23,0,00:00:00,00:00:00,0
0000611,000028,8,24,1,00:00:00,00:00:00,0
0000612,000028,20,25,1,00:00:00,00:00:00,0
0000613,000028,21,26,1,00:00:00,00:00:00,0
0000614,000028,10,27,1,00:00:00,00:00:00,0
0000615,000028,14,28,1,00:00:00,00:00:00,0
0000616,000018,3,1,0,00:00:00,00:00:00,0
0000617,000018,6,2,0,00:00:00,00:00:00,0
0000618,000018,10,3,0,00:00:00,00:00:00,0
0000619,000018,16,4,0,00:00:00,00:00:00,0
0000620,000018,7,5,0,00:00:00,00:00:00,0
0000621,000018,12,6,0,00:00:00,00:00:00,0
0000622,000018,24,7,0,00:00:00,00:00:00,0
0000623,000018,18,8,0,00:00:00,00:00:00,0
0000624,000018,11,9,0,00:00:00,00:00:00,0
0000625,000018,15,10,0,00:00:00,00:00:00,0
0000626,000018,23,11,0,00:00:00,00:00:00,0
0000627,000018,14,12,0,00:00:00,00:00:00,0
0000628,000018,26,13,0,00:00:00,00:00:00,0
0000629,000018,8,14,0,00:00:00,00:00:00,0
0000630,000018,22,15,0,00:00:00,00:00:00,0
0000631,000018,20,16,0,00:00:00,00:00:00,0
0000632,000018,25,17,0,00:00:00,00:00:00,0
0000633,000018,28,18,0,00:00:00,00:00:00,0
0000634,000018,4,19,0,00:00:00,00:00:00,0
0000635,000018,29,20,0,00:00:00,00:00:00,0
0000636,000018,2,21,0,00:00:00,00:00:00,0
0000637,000018,21,22,1,00:00:00,00:00:00,0
0000638,000018,13,23,1,00:00:00,00:00:00,0
0000639,000018,1,24,1,00:00:00,00:00:00,0
0000640,000018,19,25,1,00:00:00,00:00:00,0
0000641,000018,5,26,1,00:00:00,00:00:00,0
0000642,000018,9,27,1,00:00:00,00:00:00,0
0000643,000018,17,28,1,00:00:00,00:00:00,0
0000644,000018,27,29,1,00:00:00,00:00:00,0
0000645,000029,3,1,0,00:00:00,00:00:00,0
0000646,000029,11,2,0,00:00:00,00:00:00,0
0000647,000029,8,3,0,00:00:00,00:00:00,0
0000648,000029,1,4,0,00:00:00,00:00:00,0
0000649,000029,2,5,0,00:00:00,00:00:00,0
0000650,000029,5,6,0,00:00:00,00:00:00,0
0000651,000029,7,7,0,00:00:00,00:00:00,0
0000652,000029,12,8,0,00:00:00,00:00:00,0
0000653,000029,10,9,0,00:00:00,00:00:00,0
0000654,000029,6,10,0,00:00:00,00:00:00,0
0000655,000029,13,11,0,00:00:00,00:00:00,0
0000656,000029,16,12,0,00:00:00,00:00:00,0
0000657,000029,9,13,0,00:00:00,00:00:00,0
0000658,000029,4,14,0,00:00:00,00:00:00,0
0000659,000029,22,15,0,00:00:00,00:00:00,0
0000660,000029,18,16,0,00:00:00,00:00:00,0
0000661,000029,21,17,0,00:00:00,00:00:00,0
0000662,000029,24,18,0,00:00:00,00:00:00,0
0000663,000029,17,19,0,00:00:00,00:00:00,0
0000664,000029,20,20,0,00:00:00,00:00:00,0
0000665,000029,23,21,0,00:00:00,00:00:00,0
0000666,000029,27,22,0,00:00:00,00:00:00,0
0000667,000029,15,23,0,00:00:00,00:00:00,0
0000668,000029,26,24,0,00:00:00,00:00:00,0
0000669,000029,25,25,0,00:00:00,00:00:00,0
0000670,000029,28,26,0,00:00:00,00:00:00,0
0000671,000029,29,27,0,00:00:00,00:00:00,0
0000672,000029,14,28,1,00:00:00,00:00:00,0
0000673,000029,19,29,1,00:00:00,00:00:00,0
0000674,000019,2,1,0,00:00:00,00:00:00,0
0000675,000019,7,2,0,00:00:00,00:00:00,0
0000676,000019,6,3,0,00:00:00,00:00:00,0
0000677,000019,8,4,0,00:00:00,00:00:00,0
0000678,000019,14,5,0,00:00:00,00:00:00,0
0000679,000019,9,6,0,00:00:00,00:00:00,0
0000680,000019,18,7,0,00:00:00,00:00:00,0
0000681,000019,19,8,0,00:00:00,00:00:00,0
0000682,000019,12,9,0,00:00:00,00:00:00,0
0000683,000019,13,10,0,00:00:00,00:00:00,0
0000684,000019,17,11,0,00:00:00,00:00:00,0
0000685,000019,12,12,0,00:00:00,00:00:00,0
0000686,000019,23,13,0,00:00:00,00:00:00,0
0000687,000019,15,14,0,00:00:00,00:00:00,0
0000688,000019,5,15,0,00:00:00,00:00:00,0
0000689,000019,10,16,0,00:00:00,00:00:00,0
0000690,000019,21,17,0,00:00:00,00:00:00,0
0000691,000019,28,18,0,00:00:00,00:00:00,0
0000692,000019,22,19,0,00:00:00,00:00:00,0
0000693,000019,27,20,0,00:00:00,00:00:00,0
0000694,000019,26,21,0,00:00:00,00:00:00,0
0000695,000019,29,22,0,00:00:00,00:00:00,0
0000696,000019,30,23,0,00:00:00,00:00:00,0
0000697,000019,25,24,1,00:00:00,00:00:00,0
0000698,000019,3,25,1,00:00:00,00:00:00,0
0000699,000019,4,26,1,00:00:00,00:00:00,0
0000700,000019,1,27,1,00:00:00,00:00:00,0
0000701,000019,11,28,1,00:00:00,00:00:00,0
0000702,000019,16,29,1,00:00:00,00:00:00,0
0000703,000019,24,30,1,00:00:00,00:00:00,0
0000704,000030,4,1,0,00:00:00,00:00:00,0
0000705,000030,5,2,0,00:00:00,00:00:00,0
0000706,000030,11,3,0,00:00:00,00:00:00,0
0000707,000030,16,4,0,00:00:00,00:00:00,0
0000708,000030,9,5,0,00:00:00,00:00:00,0
0000709,000030,8,6,0,00:00:00,00:00:00,0
0000710,000030,21,7,0,00:00:00,00:00:00,0
0000711,000030,24,8,0,00:00:00,00:00:00,0
0000712,000030,13,9,0,00:00:00,00:00:00,0
0000713,000030,19,10,0,00:00:00,00:00:00,0
0000714,000030,15,11,0,00:00:00,00:00:00,0
0000715,000030,20,12,0,00:00:00,00:00:00,0
0000716,000030,23,13,0,00:00:00,00:00:00,0
0000717,000030,12,14,0,00:00:00,00:00:00,0
0000718,000030,1,15,0,00:00:00,00:00:00,0
0000719,000030,25,16,0,00:00:00,00:00:00,0
0000720,000030,10,17,0,00:00:00,00:00:00,0
0000721,000030,22,18,0,00:00:00,00:00:00,0
0000722,000030,17,19,0,00:00:00,00:00:00,0
0000723,000030,26,20,0,00:00:00,00:00:00,0
0000724,000030,27,21,0,00:00:00,00:00:00,0
0000725,000030,28,22,0,00:00:00,00:00:00,0
0000726,000030,7,23,1,00:00:00,00:00:00,0
0000727,000030,2,24,1,00:00:00,00:00:00,0
0000728,000030,3,25,1,00:00:00,00:00:00,0
0000729,000030,6,26,1,00:00:00,00:00:00,0
0000730,000030,18,27,1,00:00:00,00:00:00,0
0000731,000030,14,28,1,00:00:00,00:00:00,0
0000732,000020,1,1,0,00:00:00,00:00:00,0
0000733,000020,2,2,0,00:00:00,00:00:00,0
0000734,000020,8,3,0,00:00:00,00:00:00,0
0000735,000020,4,4,0,00:00:00,00:00:00,0
0000736,000020,9,5,0,00:00:00,00:00:00,0
0000737,000020,12,6,0,00:00:00,00:00:00,0
0000738,000020,10,7,0,00:00:00,00:00:00,0
0000739,000020,11,8,0,00:00:00,00:00:00,0
0000740,000020,14,9,0,00:00:00,00:00:00,0
0000741,000020,18,10,0,00:00:00,00:00:00,0
0000742,000020,15,11,0,00:00:00,00:00:00,0
0000743,000020,19,12,0,00:00:00,00:00:00,0
0000744,000020,7,13,0,00:00:00,00:00:00,0
0000745,000020,16,14,0,00:00:00,00:00:00,0
0000746,000020,20,15,0,00:00:00,00:00:00,0
0000747,000020,22,16,0,00:00:00,00:00:00,0
0000748,000020,17,17,0,00:00:00,00:00:00,0
0000749,000020,26,18,0,00:00:00,00:00:00,0
0000750,000020,25,19,0,00:00:00,00:00:00,0
0000751,000020,24,20,0,00:00:00,00:00:00,0
0000752,000020,29,21,0,00:00:00,00:00:00,0
0000753,000020,27,22,0,00:00:00,00:00:00,0
0000754,000020,31,23,0,00:00:00,00:00:00,0
0000755,000020,30,24,0,00:00:00,00:00:00,0
0000756,000020,5,25,1,00:00:00,00:00:00,0
0000757,000020,6,26,1,00:00:00,00:00:00,0
0000758,000020,28,27,1,00:00:00,00:00:00,0
0000759,000020,3,28,1,00:00:00,00:00:00,0
0000760,000020,23,29,1,00:00:00,00:00:00,0
0000761,000020,13,30,1,00:00:00,00:00:00,0
0000762,000020,21,31,1,00:00:00,00:00:00,0
0000763,000031,3,1,0,00:00:00,00:00:00,0
0000764,000031,20,2,0,00:00:00,00:00:00,0
0000765,000031,10,3,0,00:00:00,00:00:00,0
0000766,000031,7,4,0,00:00:00,00:00:00,0
0000767,000031,2,5,0,00:00:00,00:00:00,0
0000768,000031,18,6,0,00:00:00,00:00:00,0
0000769,000031,11,7,0,00:00:00,00:00:00,0
0000770,000031,14,8,0,00:00:00,00:00:00,0
0000771,000031,24,9,0,00:00:00,00:00:00,0
0000772,000031,21,10,0,00:00:00,00:00:00,0
0000773,000031,6,11,0,00:00:00,00:00:00,0
0000774,000031,9,12,0,00:00:00,00:00:00,0
0000775,000031,12,13,0,00:00:00,00:00:00,0
0000776,000031,13,14,0,00:00:00,00:00:00,0
0000777,000031,8,15,0,00:00:00,00:00:00,0
0000778,000031,25,16,0,00:00:00,00:00:00,0
0000779,000031,23,17,0,00:00:00,00:00:00,0
0000780,000031,28,18,0,00:00:00,00:00:00,0
0000781,000031,26,19,0,00:00:00,00:00:00,0
0000782,000031,4,20,0,00:00:00,00:00:00,0
0000783,000031,5,21,0,00:00:00,00:00:00,0
0000784,000031,29,22,0,00:00:00,00:00:00,0
0000785,000031,27,23,1,00:00:00,00:00:00,0
0000786,000031,15,24,1,00:00:00,00:00:00,0
0000787,000031,30,25,1,00:00:00,00:00:00,0
0000788,000031,22,26,1,00:00:00,00:00:00,0
0000789,000031,19,27,1,00:00:00,00:00:00,0
0000790,000031,17,28,1,00:00:00,00:00:00,0
0000791,000031,16,29,1,00:00:00,00:00:00,0
0000792,000031,1,30,1,00:00:00,00:00:00,0
0000793,000021,3,1,0,00:00:00,00:00:00,0
0000794,000021,11,2,0,00:00:00,00:00:00,0
0000795,000021,1,3,0,00:00:00,00:00:00,0
0000796,000021,5,4,0,00:00:00,00:00:00,0
0000797,000021,13,5,0,00:00:00,00:00:00,0
0000798,000021,2,6,0,00:00:00,00:00:00,0
0000799,000021,12,7,0,00:00:00,00:00:00,0
0000800,000021,14,8,0,00:00:00,00:00:00,0
0000801,000021,6,9,0,00:00:00,00:00:00,0
0000802,000021,7,10,0,00:00:00,00:00:00,0
0000803,000021,4,11,0,00:00:00,00:00:00,0
0000804,000021,17,12,0,00:00:00,00:00:00,0
0000805,000021,9,13,0,00:00:00,00:00:00,0
0000806,000021,10,14,0,00:00:00,00:00:00,0
0000807,000021,21,15,0,00:00:00,00:00:00,0
0000808,000021,18,16,0,00:00:00,00:00:00,0
0000809,000021,23,17,0,00:00:00,00:00:00,0
0000810,000021,24,18,0,00:00:00,00:00:00,0
0000811,000021,26,19,0,00:00:00,00:00:00,0
0000812,000021,30,20,0,00:00:00,00:00:00,0
0000813,000021,29,21,0,00:00:00,00:00:00,0
0000814,000021,8,22,1,00:00:00,00:00:00,0
0000815,000021,28,23,1,00:00:00,00:00:00,0
0000816,000021,22,24,1,00:00:00,00:00:00,0
0000817,000021,16,25,1,00:00:00,00:00:00,0
0000818,000021,19,26,1,00:00:00,00:00:00,0
0000819,000021,27,27,1,00:00:00,00:00:00,0
0000820,000021,15,28,1,00:00:00,00:00:00,0
0000821,000021,25,29,1,00:00:00,00:00:00,0
0000822,000021,20,30,1,00:00:00,00:00:00,0
0000823,000032,1,1,0,00:00:00,00:00:00,0
0000824,000032,2,2,0,00:00:00,00:00:00,0
0000825,000032,8,3,0,00:00:00,00:00:00,0
0000826,000032,4,4,0,00:00:00,00:00:00,0
0000827,000032,5,5,0,00:00:00,00:00:00,0
0000828,000032,3,6,0,00:00:00,00:00:00,0
0000829,000032,24,7,0,00:00:00,00:00:00,0
0000830,000032,14,8,0,00:00:00,00:00:00,0
0000831,000032,7,9,0,00:00:00,00:00:00,0
0000832,000032,26,10,0,00:00:00,00:00:00,0
0000833,000032,12,11,0,00:00:00,00:00:00,0
0000834,000032,18,12,0,00:00:00,00:00:00,0
0000835,000032,16,13,0,00:00:00,00:00:00,0
0000836,000032,23,14,0,00:00:00,00:00:00,0
0000837,000032,21,15,0,00:00:00,00:00:00,0
0000838,000032,19,16,0,00:00:00,00:00:00,0
0000839,000032,20,17,0,00:00:00,00:00:00,0
0000840,000032,22,18,0,00:00:00,00:00:00,0
0000841,000032,13,19,0,00:00:00,00:00:00,0
0000842,000032,27,20,0,00:00:00,00:00:00,0
0000843,000032,25,21,0,00:00:00,00:00:00,0
0000844,000032,30,22,0,00:00:00,00:00:00,0
0000845,000032,29,23,0,00:00:00,00:00:00,0
0000846,000032,17,24,1,00:00:00,00:00:00,0
0000847,000032,30,25,1,00:00:00,00:00:00,0
0000848,000032,6,26,1,00:00:00,00:00:00,0
0000849,000032,11,27,1,00:00:00,00:00:00,0
0000850,000032,10,28,1,00:00:00,00:00:00,0
0000851,000032,9,29,1,00:00:00,00:00:00,0
0000852,000032,15,30,1,00:00:00,00:00:00,0
0000853,000022,9,1,0,00:00:00,00:00:00,0
0000854,000022,4,2,0,00:00:00,00:00:00,0
0000855,000022,1,3,0,00:00:00,00:00:00,0
0000856,000022,11,4,0,00:00:00,00:00:00,0
0000857,000022,8,5,0,00:00:00,00:00:00,0
0000858,000022,5,6,0,00:00:00,00:00:00,0
0000859,000022,13,7,0,00:00:00,00:00:00,0
0000860,000022,7,8,0,00:00:00,00:00:00,0
0000861,000022,15,9,0,00:00:00,00:00:00,0
0000862,000022,12,10,0,00:00:00,00:00:00,0
0000863,000022,20,11,0,00:00:00,00:00:00,0
0000864,000022,6,12,0,00:00:00,00:00:00,0
0000865,000022,16,13,0,00:00:00,00:00:00,0
0000866,000022,23,14,0,00:00:00,00:00:00,0
0000867,000022,14,15,0,00:00:00,00:00:00,0
0000868,000022,19,16,0,00:00:00,00:00:00,0
0000869,000022,22,17,0,00:00:00,00:00:00,0
0000870,000022,21,18,0,00:00:00,00:00:00,0
0000871,000022,24,19,0,00:00:00,00:00:00,0
0000872,000022,25,20,0,00:00:00,00:00:00,0
0000873,000022,28,21,0,00:00:00,00:00:00,0
0000874,000022,26,22,0,00:00:00,00:00:00,0
0000875,000022,2,23,1,00:00:00,00:00:00,0
0000876,000022,27,24,1,00:00:00,00:00:00,0
0000877,000022,18,25,1,00:00:00,00:00:00,0
0000878,000022,17,26,1,00:00:00,00:00:00,0
0000879,000022,10,27,1,00:00:00,00:00:00,0
0000880,000022,3,28,1,00:00:00,00:00:00,0
0000881,000033,1,1,0,00:00:00,00:00:00,0
0000882,000033,3,2,0,00:00:00,00:00:00,0
0000883,000033,18,3,0,00:00:00,00:00:00,0
0000884,000033,2,4,0,00:00:00,00:00:00,0
0000885,000033,9,5,0,00:00:00,00:00:00,0
0000886,000033,12,6,0,00:00:00,00:00:00,0
0000887,000033,14,7,0,00:00:00,00:00:00,0
0000888,000033,13,8,0,00:00:00,00:00:00,0
0000889,000033,17,9,0,00:00:00,00:00:00,0
0000890,000033,20,10,0,00:00:00,00:00:00,0
0000891,000033,16,11,0,00:00:00,00:00:00,0
0000892,000033,21,12,0,00:00:00,00:00:00,0
0000893,000033,8,13,0,00:00:00,00:00:00,0
0000894,000033,23,14,0,00:00:00,00:00:00,0
0000895,000033,15,15,0,00:00:00,00:00:00,0
0000896,000033,19,16,0,00:00:00,00:00:00,0
0000897,000033,25,17,0,00:00:00,00:00:00,0
0000898,000033,27,18,0,00:00:00,00:00:00,0
0000899,000033,30,19,0,00:00:00,00:00:00,0
0000900,000033,29,20,0,00:00:00,00:00:00,0
0000901,000033,26,21,0,00:00:00,00:00:00,0
0000902,000033,30,22,0,00:00:00,00:00:00,0
0000903,000033,6,23,1,00:00:00,00:00:00,0
0000904,000033,4,24,1,00:00:00,00:00:00,0
0000905,000033,11,25,1,00:00:00,00:00:00,0
0000906,000033,7,26,1,00:00:00,00:00:00,0
0000907,000033,10,27,1,00:00:00,00:00:00,0
0000908,000033,5,28,1,00:00:00,00:00:00,0
0000909,000033,24,29,1,00:00:00,00:00:00,0
0000910,000033,22,30,1,00:00:00,00:00:00,0
0000911,000042,3,1,0,00:00:00,00:00:00,0
0000912,000042,6,2,0,00:00:00,00:00:00,0
0000913,000042,1,3,0,00:00:00,00:00:00,0
0000914,000042,10,4,0,00:00:00,00:00:00,0
0000915,000042,2,5,0,00:00:00,00:00:00,0
0000916,000042,9,6,0,00:00:00,00:00:00,0
0000917,000042,8,7,0,00:00:00,00:00:00,0
0000918,000042,12,8,0,00:00:00,00:00:00,0
0000919,000042,5,9,0,00:00:00,00:00:00,0
0000920,000042,13,10,0,00:00:00,00:00:00,0
0000921,000042,17,11,0,00:00:00,00:00:00,0
0000922,000042,4,12,0,00:00:00,00:00:00,0
0000923,000042,15,13,0,00:00:00,00:00:00,0
0000924,000042,19,14,0,00:00:00,00:00:00,0
0000925,000042,14,15,0,00:00:00,00:00:00,0
0000926,000042,18,16,0,00:00:00,00:00:00,0
0000927,000042,21,17,0,00:00:00,00:00:00,0
0000928,000042,7,18,0,00:00:00,00:00:00,0
0000929,000042,22,19,0,00:00:00,00:00:00,0
0000930,000042,16,20,1,00:00:00,00:00:00,0
0000931,000042,11,21,1,00:00:00,00:00:00,0
0000932,000042,20,22,1,00:00:00,00:00:00,0
0000933,000060,1,1,0,00:00:00,00:00:00,0
0000934,000060,6,2,0,00:00:00,00:00:00,0
0000935,000060,7,3,0,00:00:00,00:00:00,0
0000936,000060,4,4,0,00:00:00,00:00:00,0
0000937,000060,2,5,0,00:00:00,00:00:00,0
0000938,000060,5,6,0,00:00:00,00:00:00,0
0000939,000060,10,7,0,00:00:00,00:00:00,0
0000940,000060,13,8,0,00:00:00,00:00:00,0
0000941,000060,3,9,0,00:00:00,00:00:00,0
0000942,000060,8,10,0,00:00:00,00:00:00,0
0000943,000060,22,11,0,00:00:00,00:00:00,0
0000944,000060,9,12,0,00:00:00,00:00:00,0
0000945,000060,12,13,0,00:00:00,00:00:00,0
0000946,000060,21,14,0,00:00:00,00:00:00,0
0000947,000060,17,15,0,00:00:00,00:00:00,0
0000948,000060,18,16,0,00:00:00,00:00:00,0
0000949,000060,19,17,0,00:00:00,00:00:00,0
0000950,000060,14,18,0,00:00:00,00:00:00,0
0000951,000060,24,19,0,00:00:00,00:00:00,0
0000952,000060,27,20,0,00:00:00,00:00:00,0
0000953,000060,23,21,0,00:00:00,00:00:00,0
0000954,000060,11,22,0,00:00:00,00:00:00,0
0000955,000060,16,23,1,00:00:00,00:00:00,0
0000956,000060,15,24,1,00:00:00,00:00:00,0
0000957,000060,25,25,1,00:00:00,00:00:00,0
0000958,000060,28,26,1,00:00:00,00:00:00,0
0000959,000060,26,27,1,00:00:00,00:00:00,0
0000960,000060,20,28,1,00:00:00,00:00:00,0
0000961,000078,5,1,0,00:00:00,00:00:00,0
0000962,000078,11,2,0,00:00:00,00:00:00,0
0000963,000078,1,3,0,00:00:00,00:00:00,0
0000964,000078,8,4,0,00:00:00,00:00:00,0
0000965,000078,7,5,0,00:00:00,00:00:00,0
0000966,000078,10,6,0,00:00:00,00:00:00,0
0000967,000078,2,7,0,00:00:00,00:00:00,0
0000968,000078,28,8,0,00:00:00,00:00:00,0
0000969,000078,6,9,0,00:00:00,00:00:00,0
0000970,000078,12,10,0,00:00:00,00:00:00,0
0000971,000078,18,11,0,00:00:00,00:00:00,0
0000972,000078,14,12,0,00:00:00,00:00:00,0
0000973,000078,23,13,0,00:00:00,00:00:00,0
0000974,000078,21,14,0,00:00:00,00:00:00,0
0000975,000078,16,15,0,00:00:00,00:00:00,0
0000976,000078,20,16,0,00:00:00,00:00:00,0
0000977,000078,22,17,0,00:00:00,00:00:00,0
0000978,000078,25,18,0,00:00:00,00:00:00,0
0000979,000078,27,19,0,00:00:00,00:00:00,0
0000980,000078,19,20,0,00:00:00,00:00:00,0
0000981,000078,26,21,0,00:00:00,00:00:00,0
0000982,000078,15,22,1,00:00:00,00:00:00,0
0000983,000078,24,23,1,00:00:00,00:00:00,0
0000984,000078,3,24,1,00:00:00,00:00:00,0
0000985,000078,17,25,1,00:00:00,00:00:00,0
0000986,000078,4,26,1,00:00:00,00:00:00,0
0000987,000078,9,27,1,00:00:00,00:00:00,0
0000988,000078,13,28,1,00:00:00,00:00:00,0
0000989,000043,5,1,0,00:00:00,00:00:00,0
0000990,000043,2,2,0,00:00:00,00:00:00,0
0000991,000043,1,3,0,00:00:00,00:00:00,0
0000992,000043,8,4,0,00:00:00,00:00:00,0
0000993,000043,3,5,0,00:00:00,00:00:00,0
0000994,000043,6,6,0,00:00:00,00:00:00,0
0000995,000043,9,7,0,00:00:00,00:00:00,0
0000996,000043,18,8,0,00:00:00,00:00:00,0
0000997,000043,4,9,0,00:00:00,00:00:00,0
0000998,000043,7,10,0,00:00:00,00:00:00,0
0000999,000043,19,11,0,00:00:00,00:00:00,0
0001000,000043,10,12,0,00:00:00,00:00:00,0
0001001,000043,15,13,0,00:00:00,00:00:00,0
0001002,000043,11,14,0,00:00:00,00:00:00,0
0001003,000043,12,15,0,00:00:00,00:00:00,0
0001004,000043,21,16,0,00:00:00,00:00:00,0
0001005,000043,16,17,0,00:00:00,00:00:00,0
0001006,000043,13,18,0,00:00:00,00:00:00,0
0001007,000043,17,19,0,00:00:00,00:00:00,0
0001008,000043,22,20,0,00:00:00,00:00:00,0
0001009,000043,14,21,1,00:00:00,00:00:00,0
0001010,000043,20,22,1,00:00:00,00:00:00,0
0001011,000061,1,1,0,00:00:00,00:00:00,0
0001012,000061,2,2,0,00:00:00,00:00:00,0
0001013,000061,4,3,0,00:00:00,00:00:00,0
0001014,000061,3,4,0,00:00:00,00:00:00,0
0001015,000061,6,5,0,00:00:00,00:00:00,0
0001016,000061,10,6,0,00:00:00,00:00:00,0
0001017,000061,18,7,0,00:00:00,00:00:00,0
0001018,000061,11,8,0,00:00:00,00:00:00,0
0001019,000061,19,9,0,00:00:00,00:00:00,0
0001020,000061,7,10,0,00:00:00,00:00:00,0
0001021,000061,20,11,0,00:00:00,00:00:00,0
0001022,000061,15,12,0,00:00:00,00:00:00,0
0001023,000061,17,13,0,00:00:00,00:00:00,0
0001024,000061,24,14,0,00:00:00,00:00:00,0
0001025,000061,12,15,0,00:00:00,00:00:00,0
0001026,000061,26,16,0,00:00:00,00:00:00,0
0001027,000061,13,17,0,00:00:00,00:00:00,0
0001028,000061,22,18,0,00:00:00,00:00:00,0
0001029,000061,23,19,0,00:00:00,00:00:00,0
0001030,000061,25,20,0,00:00:00,00:00:00,0
0001031,000061,27,21,0,00:00:00,00:00:00,0
0001032,000061,9,22,1,00:00:00,00:00:00,0
0001033,000061,5,23,1,00:00:00,00:00:00,0
0001034,000061,16,24,1,00:00:00,00:00:00,0
0001035,000061,21,25,1,00:00:00,00:00:00,0
0001036,000061,14,26,1,00:00:00,00:00:00,0
0001037,000061,28,27,1,00:00:00,00:00:00,0
0001038,000061,8,28,1,00:00:00,00:00:00,0
0001039,000079,Pit lane,1,0,00:00:00,00:00:00,0
0001040,000079,6,2,0,00:00:00,00:00:00,0
0001041,000079,10,3,0,00:00:00,00:00:00,0
0001042,000079,5,4,0,00:00:00,00:00:00,0
0001043,000079,11,5,0,00:00:00,00:00:00,0
0001044,000079,8,6,0,00:00:00,00:00:00,0
0001045,000079,17,7,0,00:00:00,00:00:00,0
0001046,000079,13,8,0,00:00:00,00:00:00,0
0001047,000079,1,9,0,00:00:00,00:00:00,0
0001048,000079,Pit lane,10,0,00:00:00,00:00:00,0
0001049,000079,9,11,0,00:00:00,00:00:00,0
0001050,000079,4,12,0,00:00:00,00:00:00,0
0001051,000079,3,13,0,00:00:00,00:00:00,0
0001052,000079,20,14,0,00:00:00,00:00:00,0
0001053,000079,19,15,0,00:00:00,00:00:00,0
0001054,000079,Pit lane,16,0,00:00:00,00:00:00,0
0001055,000079,Pit lane,17,0,00:00:00,00:00:00,0
0001056,000079,Pit lane,18,0,00:00:00,00:00:00,0
0001057,000079,Pit lane,19,0,00:00:00,00:00:00,0
0001058,000079,16,20,0,00:00:00,00:00:00,0
0001059,000079,18,21,0,00:00:00,00:00:00,0
0001060,000079,21,22,0,00:00:00,00:00:00,0
0001061,000079,Pit lane,23,0,00:00:00,00:00:00,0
0001062,000079,7,24,1,00:00:00,00:00:00,0
0001063,000079,2,25,1,00:00:00,00:00:00,0
0001064,000079,14,26,1,00:00:00,00:00:00,0
0001065,000079,15,27,1,00:00:00,00:00:00,0
0001066,000079,12,28,1,00:00:00,00:00:00,0
0001067,000044,1,1,0,00:00:00,00:00:00,0
0001068,000044,11,2,0,00:00:00,00:00:00,0
0001069,000044,9,3,0,00:00:00,00:00:00,0
0001070,000044,5,4,0,00:00:00,00:00:00,0
0001071,000044,15,5,0,00:00:00,00:00:00,0
0001072,000044,7,6,0,00:00:00,00:00:00,0
0001073,000044,6,7,0,00:00:00,00:00:00,0
0001074,000044,13,8,0,00:00:00,00:00:00,0
0001075,000044,16,9,0,00:00:00,00:00:00,0
0001076,000044,21,10,0,00:00:00,00:00:00,0
0001077,000044,12,11,0,00:00:00,00:00:00,0
0001078,000044,8,12,0,00:00:00,00:00:00,0
0001079,000044,18,13,0,00:00:00,00:00:00,0
0001080,000044,20,14,0,00:00:00,00:00:00,0
0001081,000044,19,15,0,00:00:00,00:00:00,0
0001082,000044,10,16,0,00:00:00,00:00:00,0
0001083,000044,3,17,1,00:00:00,00:00:00,0
0001084,000044,2,18,1,00:00:00,00:00:00,0
0001085,000044,17,19,1,00:00:00,00:00:00,0
0001086,000044,4,20,1,00:00:00,00:00:00,0
0001087,000044,14,21,1,00:00:00,00:00:00,0
0001088,000062,10,1,0,00:00:00,00:00:00,0
0001089,000062,9,2,0,00:00:00,00:00:00,0
0001090,000062,2,3,0,00:00:00,00:00:00,0
0001091,000062,8,4,0,00:00:00,00:00:00,0
0001092,000062,6,5,0,00:00:00,00:00:00,0
0001093,000062,5,6,0,00:00:00,00:00:00,0
0001094,000062,3,7,0,00:00:00,00:00:00,0
0001095,000062,12,8,0,00:00:00,00:00:00,0
0001096,000062,13,9,0,00:00:00,00:00:00,0
0001097,000062,19,10,0,00:00:00,00:00:00,0
0001098,000062,16,11,0,00:00:00,00:00:00,0
0001099,000062,21,12,0,00:00:00,00:00:00,0
0001100,000062,7,13,0,00:00:00,00:00:00,0
0001101,000062,24,14,0,00:00:00,00:00:00,0
0001102,000062,17,15,0,00:00:00,00:00:00,0
0001103,000062,25,16,0,00:00:00,00:00:00,0
0001104,000062,22,17,0,00:00:00,00:00:00,0
0001105,000062,27,18,0,00:00:00,00:00:00,0
0001106,000062,28,19,0,00:00:00,00:00:00,0
0001107,000062,29,20,0,00:00:00,00:00:00,0
0001108,000062,11,21,0,00:00:00,00:00:00,0
0001109,000062,30,22,0,00:00:00,00:00:00,0
0001110,000062,14,23,1,00:00:00,00:00:00,0
0001111,000062,23,24,1,00:00:00,00:00:00,0
0001112,000062,15,25,1,00:00:00,00:00:00,0
0001113,000062,26,26,1,00:00:00,00:00:00,0
0001114,000062,4,27,1,00:00:00,00:00:00,0
0001115,000062,18,28,1,00:00:00,00:00:00,0
0001116,000062,20,29,1,00:00:00,00:00:00,0
0001117,000062,1,30,1,00:00:00,00:00:00,0
0001118,000080,8,1,0,00:00:00,00:00:00,0
0001119,000080,2,2,0,00:00:00,00:00:00,0
0001120,000080,1,3,0,00:00:00,00:00:00,0
0001121,000080,6,4,0,00:00:00,00:00:00,0
0001122,000080,4,5,0,00:00:00,00:00:00,0
0001123,000080,13,6,0,00:00:00,00:00:00,0
0001124,000080,10,7,0,00:00:00,00:00:00,0
0001125,000080,3,8,0,00:00:00,00:00:00,0
0001126,000080,7,9,0,00:00:00,00:00:00,0
0001127,000080,18,10,0,00:00:00,00:00:00,0
0001128,000080,21,11,0,00:00:00,00:00:00,0
0001129,000080,23,12,0,00:00:00,00:00:00,0
0001130,000080,14,13,0,00:00:00,00:00:00,0
0001131,000080,26,14,0,00:00:00,00:00:00,0
0001132,000080,27,15,0,00:00:00,00:00:00,0
0001133,000080,16,16,0,00:00:00,00:00:00,0
0001134,000080,20,17,0,00:00:00,00:00:00,0
0001135,000080,15,18,0,00:00:00,00:00:00,0
0001136,000080,22,19,0,00:00:00,00:00:00,0
0001137,000080,25,20,0,00:00:00,00:00:00,0
0001138,000080,19,21,0,00:00:00,00:00:00,0
0001139,000080,24,22,0,00:00:00,00:00:00,0
0001140,000080,28,23,0,00:00:00,00:00:00,0
0001141,000080,11,24,0,00:00:00,00:00:00,0
0001142,000080,17,25,0,00:00:00,00:00:00,0
0001143,000080,12,26,1,00:00:00,00:00:00,0
0001144,000080,9,27,1,00:00:00,00:00:00,0
0001145,000080,5,28,1,00:00:00,00:00:00,0
0001146,000045,3,1,0,00:00:00,00:00:00,0
0001147,000045,4,2,0,00:00:00,00:00:00,0
0001148,000045,2,3,0,00:00:00,00:00:00,0
0001149,000045,5,4,0,00:00:00,00:00:00,0
0001150,000045,10,5,0,00:00:00,00:00:00,0
0001151,000045,8,6,0,00:00:00,00:00:00,0
0001152,000045,7,7,0,00:00:00,00:00:00,0
0001153,000045,6,8,0,00:00:00,00:00:00,0
0001154,000045,14,9,0,00:00:00,00:00:00,0
0001155,000045,13,10,0,00:00:00,00:00:00,0
0001156,000045,16,11,0,00:00:00,00:00:00,0
0001157,000045,12,12,0,00:00:00,00:00:00,0
0001158,000045,1,13,0,00:00:00,00:00:00,0
0001159,000045,19,14,0,00:00:00,00:00:00,0
0001160,000045,18,15,0,00:00:00,00:00:00,0
0001161,000045,17,16,0,00:00:00,00:00:00,0
0001162,000045,21,17,0,00:00:00,00:00:00,0
0001163,000045,23,18,0,00:00:00,00:00:00,0
0001164,000045,22,19,0,00:00:00,00:00:00,0
0001165,000045,9,20,0,00:00:00,00:00:00,0
0001166,000045,11,21,1,00:00:00,00:00:00,0
0001167,000045,15,22,1,00:00:00,00:00:00,0
0001168,000045,20,23,1,00:00:00,00:00:00,0
0001169,000063,2,1,0,00:00:00,00:00:00,0
0001170,000063,3,2,0,00:00:00,00:00:00,0
0001171,000063,5,3,0,00:00:00,00:00:00,0
0001172,000063,1,4,0,00:00:00,00:00:00,0
0001173,000063,4,5,0,00:00:00,00:00:00,0
0001174,000063,6,6,0,00:00:00,00:00:00,0
0001175,000063,9,7,0,00:00:00,00:00:00,0
0001176,000063,8,8,0,00:00:00,00:00:00,0
0001177,000063,10,9,0,00:00:00,00:00:00,0
0001178,000063,17,10,0,00:00:00,00:00:00,0
0001179,000063,13,11,0,00:00:00,00:00:00,0
0001180,000063,11,12,0,00:00:00,00:00:00,0
0001181,000063,18,13,0,00:00:00,00:00:00,0
0001182,000063,14,14,0,00:00:00,00:00:00,0
0001183,000063,20,15,0,00:00:00,00:00:00,0
0001184,000063,22,16,0,00:00:00,00:00:00,0
0001185,000063,27,17,0,00:00:00,00:00:00,0
0001186,000063,28,18,0,00:00:00,00:00:00,0
0001187,000063,25,19,0,00:00:00,00:00:00,0
0001188,000063,26,20,0,00:00:00,00:00:00,0
0001189,000063,23,21,0,00:00:00,00:00:00,0
0001190,000063,29,22,0,00:00:00,00:00:00,0
0001191,000063,30,23,0,00:00:00,00:00:00,0
0001192,000063,15,24,1,00:00:00,00:00:00,0
0001193,000063,24,25,1,00:00:00,00:00:00,0
0001194,000063,16,26,1,00:00:00,00:00:00,0
0001195,000063,19,27,1,00:00:00,00:00:00,0
0001196,000063,21,28,1,00:00:00,00:00:00,0
0001197,000063,7,29,1,00:00:00,00:00:00,0
0001198,000063,12,30,1,00:00:00,00:00:00,0
0001199,000081,13,1,0,00:00:00,00:00:00,0
0001200,000081,5,2,0,00:00:00,00:00:00,0
0001201,000081,2,3,0,00:00:00,00:00:00,0
0001202,000081,3,4,0,00:00:00,00:00:00,0
0001203,000081,8,5,0,00:00:00,00:00:00,0
0001204,000081,16,6,0,00:00:00,00:00:00,0
0001205,000081,14,7,0,00:00:00,00:00:00,0
0001206,000081,9,8,0,00:00:00,00:00:00,0
0001207,000081,17,9,0,00:00:00,00:00:00,0
0001208,000081,19,10,0,00:00:00,00:00:00,0
0001209,000081,11,11,0,00:00:00,00:00:00,0
0001210,000081,12,12,0,00:00:00,00:00:00,0
0001211,000081,21,13,0,00:00:00,00:00:00,0
0001212,000081,18,14,0,00:00:00,00:00:00,0
0001213,000081,25,15,0,00:00:00,00:00:00,0
0001214,000081,26,16,0,00:00:00,00:00:00,0
0001215,000081,24,17,0,00:00:00,00:00:00,0
0001216,000081,20,18,0,00:00:00,00:00:00,0
0001217,000081,27,19,0,00:00:00,00:00:00,0
0001218,000081,10,20,0,00:00:00,00:00:00,0
0001219,000081,15,21,0,00:00:00,00:00:00,0
0001220,000081,7,22,0,00:00:00,00:00:00,0
0001221,000081,28,23,0,00:00:00,00:00:00,0
0001222,000081,22,24,0,00:00:00,00:00:00,0
0001223,000081,23,25,1,00:00:00,00:00:00,0
0001224,000081,1,26,1,00:00:00,00:00:00,0
0001225,000081,4,27,1,00:00:00,00:00:00,0
0001226,000081,6,28,1,00:00:00,00:00:00,0
0001227,000046,3,1,0,00:00:00,00:00:00,0
0001228,000046,5,2,0,00:00:00,00:00:00,0
0001229,000046,1,3,0,00:00:00,00:00:00,0
0001230,000046,16,4,0,00:00:00,00:00:00,0
0001231,000046,17,5,0,00:00:00,00:00:00,0
0001232,000046,19,6,0,00:00:00,00:00:00,0
0001233,000046,7,7,0,00:00:00,00:00:00,0
0001234,000046,8,8,0,00:00:00,00:00:00,0
0001235,000046,18,9,0,00:00:00,00:00:00,0
0001236,000046,2,10,0,00:00:00,00:00:00,0
0001237,000046,9,11,0,00:00:00,00:00:00,0
0001238,000046,12,12,0,00:00:00,00:00:00,0
0001239,000046,21,13,0,00:00:00,00:00:00,0
0001240,000046,22,14,0,00:00:00,00:00:00,0
0001241,000046,20,15,0,00:00:00,00:00:00,0
0001242,000046,4,16,0,00:00:00,00:00:00,0
0001243,000046,6,17,1,00:00:00,00:00:00,0
0001244,000046,13,18,1,00:00:00,00:00:00,0
0001245,000046,10,19,1,00:00:00,00:00:00,0
0001246,000046,15,20,1,00:00:00,00:00:00,0
0001247,000046,11,21,1,00:00:00,00:00:00,0
0001248,000046,14,22,1,00:00:00,00:00:00,0
0001249,000064,1,1,0,00:00:00,00:00:00,0
0001250,000064,7,2,0,00:00:00,00:00:00,0
0001251,000064,2,3,0,00:00:00,00:00:00,0
0001252,000064,19,4,0,00:00:00,00:00:00,0
0001253,000064,6,5,0,00:00:00,00:00:00,0
0001254,000064,14,6,0,00:00:00,00:00:00,0
0001255,000064,16,7,0,00:00:00,00:00:00,0
0001256,000064,15,8,0,00:00:00,00:00:00,0
0001257,000064,17,9,0,00:00:00,00:00:00,0
0001258,000064,18,10,0,00:00:00,00:00:00,0
0001259,000064,11,11,0,00:00:00,00:00:00,0
0001260,000064,26,12,0,00:00:00,00:00:00,0
0001261,000064,21,13,0,00:00:00,00:00:00,0
0001262,000064,24,14,0,00:00:00,00:00:00,0
0001263,000064,27,15,0,00:00:00,00:00:00,0
0001264,000064,29,16,0,00:00:00,00:00:00,0
0001265,000064,13,17,0,00:00:00,00:00:00,0
0001266,000064,25,18,0,00:00:00,00:00:00,0
0001267,000064,28,19,0,00:00:00,00:00:00,0
0001268,000064,30,20,0,00:00:00,00:00:00,0
0001269,000064,23,21,1,00:00:00,00:00:00,0
0001270,000064,22,22,1,00:00:00,00:00:00,0
0001271,000064,8,23,1,00:00:00,00:00:00,0
0001272,000064,3,24,1,00:00:00,00:00:00,0
0001273,000064,12,25,1,00:00:00,00:00:00,0
0001274,000064,10,26,1,00:00:00,00:00:00,0
0001275,000064,9,27,1,00:00:00,00:00:00,0
0001276,000064,31,28,1,00:00:00,00:00:00,0
0001277,000064,5,29,1,00:00:00,00:00:00,0
0001278,000064,4,30,1,00:00:00,00:00:00,0
0001279,000064,20,-1,0,00:00:00,00:00:00,0
0001280,000082,8,1,0,00:00:00,00:00:00,0
0001281,000082,7,2,0,00:00:00,00:00:00,0
0001282,000082,2,3,0,00:00:00,00:00:00,0
0001283,000082,4,4,0,00:00:00,00:00:00,0
0001284,000082,15,5,0,00:00:00,00:00:00,0
0001285,000082,26,6,0,00:00:00,00:00:00,0
0001286,000082,27,7,0,00:00:00,00:00:00,0
0001287,000082,21,8,0,00:00:00,00:00:00,0
0001288,000082,13,9,0,00:00:00,00:00:00,0
0001289,000082,10,10,0,00:00:00,00:00:00,0
0001290,000082,1,11,0,00:00:00,00:00:00,0
0001291,000082,12,12,0,00:00:00,00:00:00,0
0001292,000082,14,13,0,00:00:00,00:00:00,0
0001293,000082,24,14,0,00:00:00,00:00:00,0
0001294,000082,28,15,0,00:00:00,00:00:00,0
0001295,000082,22,16,0,00:00:00,00:00:00,0
0001296,000082,11,17,0,00:00:00,00:00:00,0
0001297,000082,18,18,0,00:00:00,00:00:00,0
0001298,000082,25,19,0,00:00:00,00:00:00,0
0001299,000082,16,20,0,00:00:00,00:00:00,0
0001300,000082,19,21,0,00:00:00,00:00:00,0
0001301,000082,17,22,0,00:00:00,00:00:00,0
0001302,000082,20,23,1,00:00:00,00:00:00,0
0001303,000082,23,24,1,00:00:00,00:00:00,0
0001304,000082,5,25,1,00:00:00,00:00:00,0
0001305,000082,3,26,1,00:00:00,00:00:00,0
0001306,000082,9,27,1,00:00:00,00:00:00,0
0001307,000082,6,28,1,00:00:00,00:00:00,0
0001308,000047,1,1,0,00:00:00,00:00:00,0
0001309,000047,7,2,0,00:00:00,00:00:00,0
0001310,000047,9,3,0,00:00:00,00:00:00,0
0001311,000047,3,4,0,00:00:00,00:00:00,0
0001312,000047,6,5,0,00:00:00,00:00:00,0
0001313,000047,5,6,0,00:00:00,00:00:00,0
0001314,000047,4,7,0,00:00:00,00:00:00,0
0001315,000047,13,8,0,00:00:00,00:00:00,0
0001316,000047,18,9,0,00:00:00,00:00:00,0
0001317,000047,19,10,0,00:00:00,00:00:00,0
0001318,000047,20,11,0,00:00:00,00:00:00,0
0001319,000047,12,12,0,00:00:00,00:00:00,0
0001320,000047,16,13,0,00:00:00,00:00:00,0
0001321,000047,22,14,0,00:00:00,00:00:00,0
0001322,000047,21,15,0,00:00:00,00:00:00,0
0001323,000047,10,16,0,00:00:00,00:00:00,0
0001324,000047,17,17,0,00:00:00,00:00:00,0
0001325,000047,15,18,1,00:00:00,00:00:00,0
0001326,000047,8,19,1,00:00:00,00:00:00,0
0001327,000047,2,20,1,00:00:00,00:00:00,0
0001328,000047,11,21,1,00:00:00,00:00:00,0
0001329,000047,14,22,1,00:00:00,00:00:00,0
0001330,000065,4,1,0,00:00:00,00:00:00,0
0001331,000065,1,2,0,00:00:00,00:00:00,0
0001332,000065,7,3,0,00:00:00,00:00:00,0
0001333,000065,10,4,0,00:00:00,00:00:00,0
0001334,000065,9,5,0,00:00:00,00:00:00,0
0001335,000065,12,6,0,00:00:00,00:00:00,0
0001336,000065,6,7,0,00:00:00,00:00:00,0
0001337,000065,25,8,0,00:00:00,00:00:00,0
0001338,000065,20,9,0,00:00:00,00:00:00,0
0001339,000065,23,10,0,00:00:00,00:00:00,0
0001340,000065,17,11,0,00:00:00,00:00:00,0
0001341,000065,15,12,0,00:00:00,00:00:00,0
0001342,000065,19,13,0,00:00:00,00:00:00,0
0001343,000065,22,14,0,00:00:00,00:00:00,0
0001344,000065,16,15,0,00:00:00,00:00:00,0
0001345,000065,26,16,0,00:00:00,00:00:00,0
0001346,000065,27,17,0,00:00:00,00:00:00,0
0001347,000065,18,18,0,00:00:00,00:00:00,0
0001348,000065,29,19,0,00:00:00,00:00:00,0
0001349,000065,14,20,1,00:00:00,00:00:00,0
0001350,000065,2,21,1,00:00:00,00:00:00,0
0001351,000065,5,22,1,00:00:00,00:00:00,0
0001352,000065,21,23,1,00:00:00,00:00:00,0
0001353,000065,28,24,1,00:00:00,00:00:00,0
0001354,000065,8,25,1,00:00:00,00:00:00,0
0001355,000065,3,26,1,00:00:00,00:00:00,0
0001356,000065,24,27,1,00:00:00,00:00:00,0
0001357,000065,11,28,1,00:00:00,00:00:00,0
0001358,000065,13,29,1,00:00:00,00:00:00,0
0001359,000083,4,1,0,00:00:00,00:00:00,0
0001360,000083,5,2,0,00:00:00,00:00:00,0
0001361,000083,3,3,0,00:00:00,00:00:00,0
0001362,000083,10,4,0,00:00:00,00:00:00,0
0001363,000083,15,5,0,00:00:00,00:00:00,0
0001364,000083,7,6,0,00:00:00,00:00:00,0
0001365,000083,9,7,0,00:00:00,00:00:00,0
0001366,000083,2,8,0,00:00:00,00:00:00,0
0001367,000083,14,9,0,00:00:00,00:00:00,0
0001368,000083,1,10,0,00:00:00,00:00:00,0
0001369,000083,17,11,0,00:00:00,00:00:00,0
0001370,000083,11,12,0,00:00:00,00:00:00,0
0001371,000083,8,13,0,00:00:00,00:00:00,0
0001372,000083,13,14,0,00:00:00,00:00:00,0
0001373,000083,6,15,0,00:00:00,00:00:00,0
0001374,000083,19,16,0,00:00:00,00:00:00,0
0001375,000083,27,17,0,00:00:00,00:00:00,0
0001376,000083,20,18,0,00:00:00,00:00:00,0
0001377,000083,23,19,0,00:00:00,00:00:00,0
0001378,000083,22,20,0,00:00:00,00:00:00,0
0001379,000083,21,21,0,00:00:00,00:00:00,0
0001380,000083,28,22,0,00:00:00,00:00:00,0
0001381,000083,12,23,1,00:00:00,00:00:00,0
0001382,000083,16,24,1,00:00:00,00:00:00,0
0001383,000083,18,25,1,00:00:00,00:00:00,0
0001384,000083,24,26,1,00:00:00,00:00:00,0
0001385,000083,25,27,1,00:00:00,00:00:00,0
0001386,000083,26,28,1,00:00:00,00:00:00,0
0001387,000048,4,1,0,00:00:00,00:00:00,0
0001388,000048,3,2,0,00:00:00,00:00:00,0
0001389,000048,2,3,0,00:00:00,00:00:00,0
0001390,000048,10,4,0,00:00:00,00:00:00,0
0001391,000048,6,5,0,00:00:00,00:00:00,0
0001392,000048,1,6,0,00:00:00,00:00:00,0
0001393,000048,9,7,0,00:00:00,00:00:00,0
0001394,000048,8,8,0,00:00:00,00:00:00,0
0001395,000048,5,9,0,00:00:00,00:00:00,0
0001396,000048,17,10,0,00:00:00,00:00:00,0
0001397,000048,20,11,0,00:00:00,00:00:00,0
0001398,000048,19,12,0,00:00:00,00:00:00,0
0001399,000048,14,13,0,00:00:00,00:00:00,0
0001400,000048,15,14,0,00:00:00,00:00:00,0
0001401,000048,21,15,0,00:00:00,00:00:00,0
0001402,000048,16,16,1,00:00:00,00:00:00,0
0001403,000048,11,17,1,00:00:00,00:00:00,0
0001404,000048,7,18,1,00:00:00,00:00:00,0
0001405,000048,13,19,1,00:00:00,00:00:00,0
0001406,000048,18,20,1,00:00:00,00:00:00,0
0001407,000048,12,21,1,00:00:00,00:00:00,0
0001408,000066,1,1,0,00:00:00,00:00:00,0
0001409,000066,2,2,0,00:00:00,00:00:00,0
0001410,000066,6,3,0,00:00:00,00:00:00,0
0001411,000066,10,4,0,00:00:00,00:00:00,0
0001412,000066,4,5,0,00:00:00,00:00:00,0
0001413,000066,3,6,0,00:00:00,00:00:00,0
0001414,000066,8,7,0,00:00:00,00:00:00,0
0001415,000066,13,8,0,00:00:00,00:00:00,0
0001416,000066,9,9,0,00:00:00,00:00:00,0
0001417,000066,17,10,0,00:00:00,00:00:00,0
0001418,000066,12,11,0,00:00:00,00:00:00,0
0001419,000066,21,12,0,00:00:00,00:00:00,0
0001420,000066,14,13,0,00:00:00,00:00:00,0
0001421,000066,25,14,0,00:00:00,00:00:00,0
0001422,000066,23,15,0,00:00:00,00:00:00,0
0001423,000066,22,16,0,00:00:00,00:00:00,0
0001424,000066,16,17,0,00:00:00,00:00:00,0
0001425,000066,32,18,0,00:00:00,00:00:00,0
0001426,000066,28,19,0,00:00:00,00:00:00,0
0001427,000066,20,20,0,00:00:00,00:00:00,0
0001428,000066,29,21,0,00:00:00,00:00:00,0
0001429,000066,26,22,0,00:00:00,00:00:00,0
0001430,000066,24,23,0,00:00:00,00:00:00,0
0001431,000066,27,24,0,00:00:00,00:00:00,0
0001432,000066,31,25,0,00:00:00,00:00:00,0
0001433,000066,30,26,0,00:00:00,00:00:00,0
0001434,000066,19,27,1,00:00:00,00:00:00,0
0001435,000066,5,28,1,00:00:00,00:00:00,0
0001436,000066,7,29,1,00:00:00,00:00:00,0
0001437,000066,15,30,1,00:00:00,00:00:00,0
0001438,000066,18,31,1,00:00:00,00:00:00,0
0001439,000066,11,32,1,00:00:00,00:00:00,0
0001440,000084,19,1,0,00:00:00,00:00:00,0
0001441,000084,2,2,0,00:00:00,00:00:00,0
0001442,000084,12,3,0,00:00:00,00:00:00,0
0001443,000084,9,4,0,00:00:00,00:00:00,0
0001444,000084,7,5,0,00:00:00,00:00:00,0
0001445,000084,1,6,0,00:00:00,00:00:00,0
0001446,000084,25,7,0,00:00:00,00:00:00,0
0001447,000084,3,8,0,00:00:00,00:00:00,0
0001448,000084,13,9,0,00:00:00,00:00:00,0
0001449,000084,4,10,0,00:00:00,00:00:00,0
0001450,000084,11,11,0,00:00:00,00:00:00,0
0001451,000084,20,12,0,00:00:00,00:00:00,0
0001452,000084,28,13,0,00:00:00,00:00:00,0
0001453,000084,22,14,0,00:00:00,00:00:00,0
0001454,000084,23,15,0,00:00:00,00:00:00,0
0001455,000084,24,16,0,00:00:00,00:00:00,0
0001456,000084,26,17,0,00:00:00,00:00:00,0
0001457,000084,27,18,0,00:00:00,00:00:00,0
0001458,000084,5,19,1,00:00:00,00:00:00,0
0001459,000084,14,20,1,00:00:00,00:00:00,0
0001460,000084,16,21,1,00:00:00,00:00:00,0
0001461,000084,18,22,1,00:00:00,00:00:00,0
0001462,000084,17,23,1,00:00:00,00:00:00,0
0001463,000084,15,24,1,00:00:00,00:00:00,0
0001464,000084,6,25,1,00:00:00,00:00:00,0
0001465,000084,21,26,1,00:00:00,00:00:00,0
0001466,000084,8,27,1,00:00:00,00:00:00,0
0001467,000049,5,1,0,00:00:00,00:00:00,0
0001468,000049,6,2,0,00:00:00,00:00:00,0
0001469,000049,2,3,0,00:00:00,00:00:00,0
0001470,000049,13,4,0,00:00:00,00:00:00,0
0001471,000049,10,5,0,00:00:00,00:00:00,0
0001472,000049,4,6,0,00:00:00,00:00:00,0
0001473,000049,3,7,0,00:00:00,00:00:00,0
0001474,000049,1,8,0,00:00:00,00:00:00,0
0001475,000049,16,9,0,00:00:00,00:00:00,0
0001476,000049,8,10,0,00:00:00,00:00:00,0
0001477,000049,11,11,0,00:00:00,00:00:00,0
0001478,000049,7,12,0,00:00:00,00:00:00,0
0001479,000049,9,13,0,00:00:00,00:00:00,0
0001480,000049,15,14,0,00:00:00,00:00:00,0
0001481,000049,14,15,0,00:00:00,00:00:00,0
0001482,000049,18,16,0,00:00:00,00:00:00,0
0001483,000049,20,17,0,00:00:00,00:00:00,0
0001484,000049,17,18,0,00:00:00,00:00:00,0
0001485,000049,21,19,0,00:00:00,00:00:00,0
0001486,000049,22,20,1,00:00:00,00:00:00,0
0001487,000049,19,21,1,00:00:00,00:00:00,0
0001488,000049,12,22,1,00:00:00,00:00:00,0
0001489,000067,3,1,0,00:00:00,00:00:00,0
0001490,000067,10,2,0,00:00:00,00:00:00,0
0001491,000067,4,3,0,00:00:00,00:00:00,0
0001492,000067,2,4,0,00:00:00,00:00:00,0
0001493,000067,7,5,0,00:00:00,00:00:00,0
0001494,000067,17,6,1,00:00:00,00:00:00,0
0001495,000067,6,7,0,00:00:00,00:00:00,0
0001496,000067,18,8,0,00:00:00,00:00:00,0
0001497,000067,16,9,0,00:00:00,00:00:00,0
0001498,000067,25,10,0,00:00:00,00:00:00,0
0001499,000067,11,11,0,00:00:00,00:00:00,0
0001500,000067,22,12,0,00:00:00,00:00:00,0
0001501,000067,9,13,0,00:00:00,00:00:00,0
0001502,000067,30,14,0,00:00:00,00:00:00,0
0001503,000067,21,15,0,00:00:00,00:00:00,0
0001504,000067,20,16,0,00:00:00,00:00:00,0
0001505,000067,26,17,0,00:00:00,00:00:00,0
0001506,000067,13,18,0,00:00:00,00:00:00,0
0001507,000067,28,19,0,00:00:00,00:00:00,0
0001508,000067,27,20,0,00:00:00,00:00:00,0
0001509,000067,15,21,0,00:00:00,00:00:00,0
0001510,000067,8,22,1,00:00:00,00:00:00,0
0001511,000067,5,23,1,00:00:00,00:00:00,0
0001512,000067,12,24,1,00:00:00,00:00:00,0
0001513,000067,19,25,1,00:00:00,00:00:00,0
0001514,000067,14,26,1,00:00:00,00:00:00,0
0001515,000067,24,27,1,00:00:00,00:00:00,0
0001516,000067,1,28,1,00:00:00,00:00:00,0
0001517,000067,23,29,1,00:00:00,00:00:00,0
0001518,000067,29,30,1,00:00:00,00:00:00,0
0001519,000085,13,1,0,00:00:00,00:00:00,0
0001520,000085,5,2,0,00:00:00,00:00:00,0
0001521,000085,2,3,0,00:00:00,00:00:00,0
0001522,000085,20,4,0,00:00:00,00:00:00,0
0001523,000085,10,5,0,00:00:00,00:00:00,0
0001524,000085,7,6,0,00:00:00,00:00:00,0
0001525,000085,14,7,0,00:00:00,00:00:00,0
0001526,000085,3,8,0,00:00:00,00:00:00,0
0001527,000085,15,9,0,00:00:00,00:00:00,0
0001528,000085,12,10,0,00:00:00,00:00:00,0
0001529,000085,4,11,0,00:00:00,00:00:00,0
0001530,000085,25,12,0,00:00:00,00:00:00,0
0001531,000085,8,13,0,00:00:00,00:00:00,0
0001532,000085,18,14,0,00:00:00,00:00:00,0
0001533,000085,26,15,0,00:00:00,00:00:00,0
0001534,000085,11,16,0,00:00:00,00:00:00,0
0001535,000085,24,17,0,00:00:00,00:00:00,0
0001536,000085,21,18,0,00:00:00,00:00:00,0
0001537,000085,9,19,1,00:00:00,00:00:00,0
0001538,000085,17,20,1,00:00:00,00:00:00,0
0001539,000085,22,21,1,00:00:00,00:00:00,0
0001540,000085,6,22,1,00:00:00,00:00:00,0
0001541,000085,1,23,1,00:00:00,00:00:00,0
0001542,000085,19,24,1,00:00:00,00:00:00,0
0001543,000085,23,25,1,00:00:00,00:00:00,0
0001544,000085,16,26,1,00:00:00,00:00:00,0
0001545,000050,2,1,0,00:00:00,00:00:00,0
0001546,000050,1,2,0,00:00:00,00:00:00,0
0001547,000050,10,3,0,00:00:00,00:00:00,0
0001548,000050,5,4,0,00:00:00,00:00:00,0
0001549,000050,6,5,0,00:00:00,00:00:00,0
0001550,000050,3,6,0,00:00:00,00:00:00,0
0001551,000050,20,7,0,00:00:00,00:00:00,0
0001552,000050,9,8,0,00:00:00,00:00:00,0
0001553,000050,4,9,0,00:00:00,00:00:00,0
0001554,000050,11,10,0,00:00:00,00:00:00,0
0001555,000050,7,11,0,00:00:00,00:00:00,0
0001556,000050,21,12,0,00:00:00,00:00:00,0
0001557,000050,18,13,0,00:00:00,00:00:00,0
0001558,000050,16,14,0,00:00:00,00:00:00,0
0001559,000050,19,15,0,00:00:00,00:00:00,0
0001560,000050,15,16,0,00:00:00,00:00:00,0
0001561,000050,22,17,0,00:00:00,00:00:00,0
0001562,000050,17,18,0,00:00:00,00:00:00,0
0001563,000050,13,19,1,00:00:00,00:00:00,0
0001564,000050,8,20,1,00:00:00,00:00:00,0
0001565,000050,14,21,1,00:00:00,00:00:00,0
0001566,000050,12,22,1,00:00:00,00:00:00,0
0001567,000068,1,1,0,00:00:00,00:00:00,0
0001568,000068,2,2,0,00:00:00,00:00:00,0
0001569,000068,7,3,0,00:00:00,00:00:00,0
0001570,000068,3,4,0,00:00:00,00:00:00,0
0001571,000068,16,5,0,00:00:00,00:00:00,0
0001572,000068,5,6,0,00:00:00,00:00:00,0
0001573,000068,6,7,0,00:00:00,00:00:00,0
0001574,000068,23,8,0,00:00:00,00:00:00,0
0001575,000068,13,9,0,00:00:00,00:00:00,0
0001576,000068,10,10,0,00:00:00,00:00:00,0
0001577,000068,17,11,0,00:00:00,00:00:00,0
0001578,000068,15,12,0,00:00:00,00:00:00,0
0001579,000068,22,13,0,00:00:00,00:00:00,0
0001580,000068,11,14,0,00:00:00,00:00:00,0
0001581,000068,12,15,0,00:00:00,00:00:00,0
0001582,000068,24,16,0,00:00:00,00:00:00,0
0001583,000068,26,17,0,00:00:00,00:00:00,0
0001584,000068,21,18,0,00:00:00,00:00:00,0
0001585,000068,25,19,0,00:00:00,00:00:00,0
0001586,000068,19,20,0,00:00:00,00:00:00,0
0001587,000068,20,21,0,00:00:00,00:00:00,0
0001588,000068,28,22,0,00:00:00,00:00:00,0
0001589,000068,29,23,0,00:00:00,00:00:00,0
0001590,000068,27,24,0,00:00:00,00:00:00,0
0001591,000068,4,25,1,00:00:00,00:00:00,0
0001592,000068,14,26,1,00:00:00,00:00:00,0
0001593,000068,18,27,1,00:00:00,00:00:00,0
0001594,000068,8,28,1,00:00:00,00:00:00,0
0001595,000068,9,29,1,00:00:00,00:00:00,0
0001596,000086,3,1,0,00:00:00,00:00:00,0
0001597,000086,4,2,0,00:00:00,00:00:00,0
0001598,000086,2,3,0,00:00:00,00:00:00,0
0001599,000086,18,4,0,00:00:00,00:00:00,0
0001600,000086,12,5,0,00:00:00,00:00:00,0
0001601,000086,11,6,0,00:00:00,00:00:00,0
0001602,000086,8,7,0,00:00:00,00:00:00,0
0001603,000086,6,8,0,00:00:00,00:00:00,0
0001604,000086,9,9,0,00:00:00,00:00:00,0
0001605,000086,1,10,0,00:00:00,00:00:00,0
0001606,000086,25,11,0,00:00:00,00:00:00,0
0001607,000086,13,12,0,00:00:00,00:00:00,0
0001608,000086,5,13,0,00:00:00,00:00:00,0
0001609,000086,7,14,0,00:00:00,00:00:00,0
0001610,000086,15,15,0,00:00:00,00:00:00,0
0001611,000086,16,16,0,00:00:00,00:00:00,0
0001612,000086,22,17,0,00:00:00,00:00:00,0
0001613,000086,27,18,0,00:00:00,00:00:00,0
0001614,000086,26,19,0,00:00:00,00:00:00,0
0001615,000086,10,20,0,00:00:00,00:00:00,0
0001616,000086,14,21,0,00:00:00,00:00:00,0
0001617,000086,19,22,0,00:00:00,00:00:00,0
0001618,000086,20,23,0,00:00:00,00:00:00,0
0001619,000086,24,24,0,00:00:00,00:00:00,0
0001620,000086,23,25,0,00:00:00,00:00:00,0
0001621,000086,21,26,1,00:00:00,00:00:00,0
0001622,000086,17,27,1,00:00:00,00:00:00,0
0001623,000051,1,1,0,00:00:00,00:00:00,0
0001624,000051,5,2,0,00:00:00,00:00:00,0
0001625,000051,3,3,0,00:00:00,00:00:00,0
0001626,000051,16,4,0,00:00:00,00:00:00,0
0001627,000051,10,5,0,00:00:00,00:00:00,0
0001628,000051,6,6,0,00:00:00,00:00:00,0
0001629,000051,13,7,0,00:00:00,00:00:00,0
0001630,000051,8,8,0,00:00:00,00:00:00,0
0001631,000051,11,9,0,00:00:00,00:00:00,0
0001632,000051,14,10,0,00:00:00,00:00:00,0
0001633,000051,2,11,0,00:00:00,00:00:00,0
0001634,000051,20,12,0,00:00:00,00:00:00,0
0001635,000051,17,13,0,00:00:00,00:00:00,0
0001636,000051,18,14,0,00:00:00,00:00:00,0
0001637,000051,19,15,0,00:00:00,00:00:00,0
0001638,000051,15,16,0,00:00:00,00:00:00,0
0001639,000051,23,17,0,00:00:00,00:00:00,0
0001640,000051,22,18,0,00:00:00,00:00:00,0
0001641,000051,9,19,0,00:00:00,00:00:00,0
0001642,000051,4,20,1,00:00:00,00:00:00,0
0001643,000051,12,21,1,00:00:00,00:00:00,0
0001644,000051,7,22,1,00:00:00,00:00:00,0
0001645,000069,3,1,0,00:00:00,00:00:00,0
0001646,000069,5,2,0,00:00:00,00:00:00,0
0001647,000069,6,3,0,00:00:00,00:00:00,0
0001648,000069,1,4,0,00:00:00,00:00:00,0
0001649,000069,2,5,0,00:00:00,00:00:00,0
0001650,000069,19,6,0,00:00:00,00:00:00,0
0001651,000069,4,7,0,00:00:00,00:00:00,0
0001652,000069,9,8,0,00:00:00,00:00:00,0
0001653,000069,11,9,0,00:00:00,00:00:00,0
0001654,000069,10,10,0,00:00:00,00:00:00,0
0001655,000069,21,11,0,00:00:00,00:00:00,0
0001656,000069,8,12,0,00:00:00,00:00:00,0
0001657,000069,12,13,0,00:00:00,00:00:00,0
0001658,000069,7,14,0,00:00:00,00:00:00,0
0001659,000069,15,15,0,00:00:00,00:00:00,0
0001660,000069,13,16,0,00:00:00,00:00:00,0
0001661,000069,18,17,0,00:00:00,00:00:00,0
0001662,000069,17,18,0,00:00:00,00:00:00,0
0001663,000069,16,19,0,00:00:00,00:00:00,0
0001664,000069,25,20,0,00:00:00,00:00:00,0
0001665,000069,26,21,0,00:00:00,00:00:00,0
0001666,000069,23,22,0,00:00:00,00:00:00,0
0001667,000069,22,23,0,00:00:00,00:00:00,0
0001668,000069,30,24,0,00:00:00,00:00:00,0
0001669,000069,28,25,0,00:00:00,00:00:00,0
0001670,000069,24,26,1,00:00:00,00:00:00,0
0001671,000069,14,27,1,00:00:00,00:00:00,0
0001672,000069,27,28,1,00:00:00,00:00:00,0
0001673,000069,20,29,1,00:00:00,00:00:00,0
0001674,000069,29,30,1,00:00:00,00:00:00,0
0001675,000087,4,1,0,00:00:00,00:00:00,0
0001676,000087,2,2,0,00:00:00,00:00:00,0
0001677,000087,3,3,0,00:00:00,00:00:00,0
0001678,000087,7,4,0,00:00:00,00:00:00,0
0001679,000087,14,5,0,00:00:00,00:00:00,0
0001680,000087,8,6,0,00:00:00,00:00:00,0
0001681,000087,19,7,0,00:00:00,00:00:00,0
0001682,000087,20,8,0,00:00:00,00:00:00,0
0001683,000087,22,9,0,00:00:00,00:00:00,0
0001684,000087,25,10,0,00:00:00,00:00:00,0
0001685,000087,17,11,0,00:00:00,00:00:00,0
0001686,000087,23,12,0,00:00:00,00:00:00,0
0001687,000087,11,13,0,00:00:00,00:00:00,0
0001688,000087,5,14,0,00:00:00,00:00:00,0
0001689,000087,13,15,0,00:00:00,00:00:00,0
0001690,000087,21,16,0,00:00:00,00:00:00,0
0001691,000087,15,17,0,00:00:00,00:00:00,0
0001692,000087,9,18,0,00:00:00,00:00:00,0
0001693,000087,16,19,0,00:00:00,00:00:00,0
0001694,000087,10,20,0,00:00:00,00:00:00,0
0001695,000087,1,21,0,00:00:00,00:00:00,0
0001696,000087,6,22,0,00:00:00,00:00:00,0
0001697,000087,12,23,0,00:00:00,00:00:00,0
0001698,000087,24,24,1,00:00:00,00:00:00,0
0001699,000087,26,25,1,00:00:00,00:00:00,0
0001700,000052,10,1,0,00:00:00,00:00:00,0
0001701,000052,3,2,0,00:00:00,00:00:00,0
0001702,000052,1,3,0,00:00:00,00:00:00,0
0001703,000052,7,4,0,00:00:00,00:00:00,0
0001704,000052,17,5,0,00:00:00,00:00:00,0
0001705,000052,16,6,0,00:00:00,00:00:00,0
0001706,000052,2,7,0,00:00:00,00:00:00,0
0001707,000052,18,8,0,00:00:00,00:00:00,0
0001708,000052,14,9,0,00:00:00,00:00:00,0
0001709,000052,8,10,0,00:00:00,00:00:00,0
0001710,000052,6,11,0,00:00:00,00:00:00,0
0001711,000052,19,12,0,00:00:00,00:00:00,0
0001712,000052,12,13,0,00:00:00,00:00:00,0
0001713,000052,13,14,0,00:00:00,00:00:00,0
0001714,000052,5,15,0,00:00:00,00:00:00,0
0001715,000052,11,16,0,00:00:00,00:00:00,0
0001716,000052,20,17,0,00:00:00,00:00:00,0
0001717,000052,9,18,1,00:00:00,00:00:00,0
0001718,000052,4,19,1,00:00:00,00:00:00,0
0001719,000052,15,20,1,00:00:00,00:00:00,0
0001720,000070,2,1,0,00:00:00,00:00:00,0
0001721,000070,3,2,0,00:00:00,00:00:00,0
0001722,000070,4,3,0,00:00:00,00:00:00,0
0001723,000070,1,4,0,00:00:00,00:00:00,0
0001724,000070,7,5,0,00:00:00,00:00:00,0
0001725,000070,8,6,0,00:00:00,00:00:00,0
0001726,000070,5,7,0,00:00:00,00:00:00,0
0001727,000070,6,8,0,00:00:00,00:00:00,0
0001728,000070,10,9,0,00:00:00,00:00:00,0
0001729,000070,16,10,0,00:00:00,00:00:00,0
0001730,000070,13,11,0,00:00:00,00:00:00,0
0001731,000070,15,12,0,00:00:00,00:00:00,0
0001732,000070,23,13,0,00:00:00,00:00:00,0
0001733,000070,20,14,0,00:00:00,00:00:00,0
0001734,000070,22,15,0,00:00:00,00:00:00,0
0001735,000070,21,16,0,00:00:00,00:00:00,0
0001736,000070,26,17,0,00:00:00,00:00:00,0
0001737,000070,24,18,0,00:00:00,00:00:00,0
0001738,000070,27,19,0,00:00:00,00:00:00,0
0001739,000070,25,20,0,00:00:00,00:00:00,0
0001740,000070,30,21,0,00:00:00,00:00:00,0
0001741,000070,18,22,0,00:00:00,00:00:00,0
0001742,000070,11,23,0,00:00:00,00:00:00,0
0001743,000070,17,24,0,00:00:00,00:00:00,0
0001744,000070,28,25,1,00:00:00,00:00:00,0
0001745,000070,12,26,1,00:00:00,00:00:00,0
0001746,000070,29,27,1,00:00:00,00:00:00,0
0001747,000070,9,28,1,00:00:00,00:00:00,0
0001748,000070,19,29,1,00:00:00,00:00:00,0
0001749,000070,14,30,1,00:00:00,00:00:00,0
0001750,000088,13,1,0,00:00:00,00:00:00,0
0001751,000088,5,2,0,00:00:00,00:00:00,0
0001752,000088,8,3,0,00:00:00,00:00:00,0
0001753,000088,7,4,0,00:00:00,00:00:00,0
0001754,000088,1,5,0,00:00:00,00:00:00,0
0001755,000088,4,6,0,00:00:00,00:00:00,0
0001756,000088,14,7,0,00:00:00,00:00:00,0
0001757,000088,10,8,0,00:00:00,00:00:00,0
0001758,000088,17,9,0,00:00:00,00:00:00,0
0001759,000088,12,10,0,00:00:00,00:00:00,0
0001760,000088,2,11,0,00:00:00,00:00:00,0
0001761,000088,16,12,0,00:00:00,00:00:00,0
0001762,000088,9,13,0,00:00:00,00:00:00,0
0001763,000088,3,14,0,00:00:00,00:00:00,0
0001764,000088,24,15,0,00:00:00,00:00:00,0
0001765,000088,15,16,0,00:00:00,00:00:00,0
0001766,000088,22,17,0,00:00:00,00:00:00,0
0001767,000088,19,18,0,00:00:00,00:00:00,0
0001768,000088,11,19,0,00:00:00,00:00:00,0
0001769,000088,26,20,0,00:00:00,00:00:00,0
0001770,000088,18,21,0,00:00:00,00:00:00,0
0001771,000088,23,22,0,00:00:00,00:00:00,0
0001772,000088,25,23,0,00:00:00,00:00:00,0
0001773,000088,21,24,1,00:00:00,00:00:00,0
0001774,000088,6,25,1,00:00:00,00:00:00,0
0001775,000088,20,26,1,00:00:00,00:00:00,0
0001776,000053,3,1,0,00:00:00,00:00:00,0
0001777,000053,10,2,0,00:00:00,00:00:00,0
0001778,000053,6,3,0,00:00:00,00:00:00,0
0001779,000053,7,4,0,00:00:00,00:00:00,0
0001780,000053,1,5,0,00:00:00,00:00:00,0
0001781,000053,12,6,0,00:00:00,00:00:00,0
0001782,000053,18,7,0,00:00:00,00:00:00,0
0001783,000053,17,8,0,00:00:00,00:00:00,0
0001784,000053,11,9,0,00:00:00,00:00:00,0
0001785,000053,16,10,0,00:00:00,00:00:00,0
0001786,000053,9,11,0,00:00:00,00:00:00,0
0001787,000053,13,12,0,00:00:00,00:00:00,0
0001788,000053,15,13,0,00:00:00,00:00:00,0
0001789,000053,2,14,0,00:00:00,00:00:00,0
0001790,000053,14,15,0,00:00:00,00:00:00,0
0001791,000053,20,16,0,00:00:00,00:00:00,0
0001792,000053,19,17,0,00:00:00,00:00:00,0
0001793,000053,8,18,0,00:00:00,00:00:00,0
0001794,000053,21,19,0,00:00:00,00:00:00,0
0001795,000053,4,20,1,00:00:00,00:00:00,0
0001796,000053,5,21,1,00:00:00,00:00:00,0
0001797,000071,4,1,0,00:00:00,00:00:00,0
0001798,000071,1,2,0,00:00:00,00:00:00,0
0001799,000071,2,3,0,00:00:00,00:00:00,0
0001800,000071,3,4,0,00:00:00,00:00:00,0
0001801,000071,6,5,0,00:00:00,00:00:00,0
0001802,000071,7,6,0,00:00:00,00:00:00,0
0001803,000071,8,7,0,00:00:00,00:00:00,0
0001804,000071,9,8,0,00:00:00,00:00:00,0
0001805,000071,14,9,0,00:00:00,00:00:00,0
0001806,000071,10,10,0,00:00:00,00:00:00,0
0001807,000071,17,11,0,00:00:00,00:00:00,0
0001808,000071,23,12,0,00:00:00,00:00:00,0
0001809,000071,15,13,0,00:00:00,00:00:00,0
0001810,000071,11,14,0,00:00:00,00:00:00,0
0001811,000071,13,15,0,00:00:00,00:00:00,0
0001812,000071,16,16,0,00:00:00,00:00:00,0
0001813,000071,18,17,0,00:00:00,00:00:00,0
0001814,000071,22,18,0,00:00:00,00:00:00,0
0001815,000071,21,19,0,00:00:00,00:00:00,0
0001816,000071,27,20,0,00:00:00,00:00:00,0
0001817,000071,26,21,0,00:00:00,00:00:00,0
0001818,000071,24,22,0,00:00:00,00:00:00,0
0001819,000071,28,23,0,00:00:00,00:00:00,0
0001820,000071,5,24,1,00:00:00,00:00:00,0
0001821,000071,19,25,1,00:00:00,00:00:00,0
0001822,000071,29,26,1,00:00:00,00:00:00,0
0001823,000071,12,27,1,00:00:00,00:00:00,0
0001824,000071,20,28,1,00:00:00,00:00:00,0
0001825,000071,25,29,1,00:00:00,00:00:00,0
0001826,000089,1,1,0,00:00:00,00:00:00,0
0001827,000089,5,2,0,00:00:00,00:00:00,0
0001828,000089,8,3,0,00:00:00,00:00:00,0
0001829,000089,11,4,0,00:00:00,00:00:00,0
0001830,000089,13,5,0,00:00:00,00:00:00,0
0001831,000089,10,6,0,00:00:00,00:00:00,0
0001832,000089,16,7,0,00:00:00,00:00:00,0
0001833,000089,9,8,0,00:00:00,00:00:00,0
0001834,000089,3,9,0,00:00:00,00:00:00,0
0001835,000089,14,10,0,00:00:00,00:00:00,0
0001836,000089,22,11,0,00:00:00,00:00:00,0
0001837,000089,15,12,0,00:00:00,00:00:00,0
0001838,000089,17,13,0,00:00:00,00:00:00,0
0001839,000089,6,14,0,00:00:00,00:00:00,0
0001840,000089,2,15,0,00:00:00,00:00:00,0
0001841,000089,24,16,0,00:00:00,00:00:00,0
0001842,000089,12,17,0,00:00:00,00:00:00,0
0001843,000089,25,18,0,00:00:00,00:00:00,0
0001844,000089,19,19,0,00:00:00,00:00:00,0
0001845,000089,21,20,0,00:00:00,00:00:00,0
0001846,000089,7,21,0,00:00:00,00:00:00,0
0001847,000089,18,22,0,00:00:00,00:00:00,0
0001848,000089,20,23,0,00:00:00,00:00:00,0
0001849,000089,23,24,0,00:00:00,00:00:00,0
0001850,000089,27,25,0,00:00:00,00:00:00,0
0001851,000089,4,26,1,00:00:00,00:00:00,0
0001852,000089,26,27,1,00:00:00,00:00:00,0
0001853,000054,1,1,0,00:00:00,00:00:00,0
0001854,000054,4,2,0,00:00:00,00:00:00,0
0001855,000054,7,3,0,00:00:00,00:00:00,0
0001856,000054,6,4,0,00:00:00,00:00:00,0
0001857,000054,2,5,0,00:00:00,00:00:00,0
0001858,000054,9,6,0,00:00:00,00:00:00,0
0001859,000054,12,7,0,00:00:00,00:00:00,0
0001860,000054,3,8,0,00:00:00,00:00:00,0
0001861,000054,5,9,0,00:00:00,00:00:00,0
0001862,000054,11,10,0,00:00:00,00:00:00,0
0001863,000054,13,11,0,00:00:00,00:00:00,0
0001864,000054,20,12,0,00:00:00,00:00:00,0
0001865,000054,8,13,0,00:00:00,00:00:00,0
0001866,000054,18,14,0,00:00:00,00:00:00,0
0001867,000054,16,15,0,00:00:00,00:00:00,0
0001868,000054,15,16,0,00:00:00,00:00:00,0
0001869,000054,10,17,0,00:00:00,00:00:00,0
0001870,000054,19,18,0,00:00:00,00:00:00,0
0001871,000054,21,19,0,00:00:00,00:00:00,0
0001872,000054,17,20,0,00:00:00,00:00:00,0
0001873,000054,22,21,1,00:00:00,00:00:00,0
0001874,000054,14,22,1,00:00:00,00:00:00,0
0001875,000072,3,1,0,00:00:00,00:00:00,0
0001876,000072,2,2,0,00:00:00,00:00:00,0
0001877,000072,12,3,0,00:00:00,00:00:00,0
0001878,000072,7,4,0,00:00:00,00:00:00,0
0001879,000072,11,5,0,00:00:00,00:00:00,0
0001880,000072,8,6,0,00:00:00,00:00:00,0
0001881,000072,17,7,0,00:00:00,00:00:00,0
0001882,000072,5,8,0,00:00:00,00:00:00,0
0001883,000072,23,9,0,00:00:00,00:00:00,0
0001884,000072,20,10,0,00:00:00,00:00:00,0
0001885,000072,15,11,0,00:00:00,00:00:00,0
0001886,000072,10,12,0,00:00:00,00:00:00,0
0001887,000072,18,13,0,00:00:00,00:00:00,0
0001888,000072,19,14,0,00:00:00,00:00:00,0
0001889,000072,26,15,0,00:00:00,00:00:00,0
0001890,000072,22,16,0,00:00:00,00:00:00,0
0001891,000072,30,17,0,00:00:00,00:00:00,0
0001892,000072,24,18,0,00:00:00,00:00:00,0
0001893,000072,25,19,0,00:00:00,00:00:00,0
0001894,000072,29,20,0,00:00:00,00:00:00,0
0001895,000072,31,21,0,00:00:00,00:00:00,0
0001896,000072,27,22,1,00:00:00,00:00:00,0
0001897,000072,14,23,1,00:00:00,00:00:00,0
0001898,000072,1,24,1,00:00:00,00:00:00,0
0001899,000072,28,25,1,00:00:00,00:00:00,0
0001900,000072,9,26,1,00:00:00,00:00:00,0
0001901,000072,21,27,1,00:00:00,00:00:00,0
0001902,000072,6,28,1,00:00:00,00:00:00,0
0001903,000072,4,29,1,00:00:00,00:00:00,0
0001904,000072,13,30,1,00:00:00,00:00:00,0
0001905,000072,16,31,1,00:00:00,00:00:00,0
0001906,000072,32,32,1,00:00:00,00:00:00,0
0001907,000090,14,1,0,00:00:00,00:00:00,0
0001908,000090,6,2,0,00:00:00,00:00:00,0
0001909,000090,16,3,0,00:00:00,00:00:00,0
0001910,000090,13,4,0,00:00:00,00:00:00,0
0001911,000090,8,5,0,00:00:00,00:00:00,0
0001912,000090,5,6,0,00:00:00,00:00:00,0
0001913,000090,1,7,0,00:00:00,00:00:00,0
0001914,000090,19,8,0,00:00:00,00:00:00,0
0001915,000090,3,9,0,00:00:00,00:00:00,0
0001916,000090,15,10,0,00:00:00,00:00:00,0
0001917,000090,27,11,0,00:00:00,00:00:00,0
0001918,000090,22,12,0,00:00:00,00:00:00,0
0001919,000090,21,13,0,00:00:00,00:00:00,0
0001920,000090,17,14,0,00:00:00,00:00:00,0
0001921,000090,23,15,0,00:00:00,00:00:00,0
0001922,000090,18,16,0,00:00:00,00:00:00,0
0001923,000090,25,17,0,00:00:00,00:00:00,0
0001924,000090,4,18,0,00:00:00,00:00:00,0
0001925,000090,24,19,0,00:00:00,00:00:00,0
0001926,000090,26,20,0,00:00:00,00:00:00,0
0001927,000090,28,21,0,00:00:00,00:00:00,0
0001928,000090,7,22,1,00:00:00,00:00:00,0
0001929,000090,10,23,1,00:00:00,00:00:00,0
0001930,000090,12,24,1,00:00:00,00:00:00,0
0001931,000090,9,25,1,00:00:00,00:00:00,0
0001932,000090,20,26,1,00:00:00,00:00:00,0
0001933,000090,2,27,1,00:00:00,00:00:00,0
0001934,000090,11,28,1,00:00:00,00:00:00,0
0001935,000055,1,1,0,00:00:00,00:00:00,0
0001936,000055,3,2,0,00:00:00,00:00:00,0
0001937,000055,12,3,0,00:00:00,00:00:00,0
0001938,000055,7,4,0,00:00:00,00:00:00,0
0001939,000055,2,5,0,00:00:00,00:00:00,0
0001940,000055,11,6,0,00:00:00,00:00:00,0
0001941,000055,6,7,0,00:00:00,00:00:00,0
0001942,000055,8,8,0,00:00:00,00:00:00,0
0001943,000055,17,9,0,00:00:00,00:00:00,0
0001944,000055,13,10,0,00:00:00,00:00:00,0
0001945,000055,14,11,0,00:00:00,00:00:00,0
0001946,000055,5,12,0,00:00:00,00:00:00,0
0001947,000055,10,13,0,00:00:00,00:00:00,0
0001948,000055,18,14,0,00:00:00,00:00:00,0
0001949,000055,19,15,0,00:00:00,00:00:00,0
0001950,000055,22,16,0,00:00:00,00:00:00,0
0001951,000055,23,17,0,00:00:00,00:00:00,0
0001952,000055,16,18,0,00:00:00,00:00:00,0
0001953,000055,15,19,0,00:00:00,00:00:00,0
0001954,000055,21,20,0,00:00:00,00:00:00,0
0001955,000055,24,21,0,00:00:00,00:00:00,0
0001956,000055,9,22,1,00:00:00,00:00:00,0
0001957,000055,20,23,1,00:00:00,00:00:00,0
0001958,000055,4,24,1,00:00:00,00:00:00,0
0001959,000073,1,1,0,00:00:00,00:00:00,0
0001960,000073,4,2,0,00:00:00,00:00:00,0
0001961,000073,5,3,0,00:00:00,00:00:00,0
0001962,000073,2,4,0,00:00:00,00:00:00,0
0001963,000073,8,5,0,00:00:00,00:00:00,0
0001964,000073,3,6,0,00:00:00,00:00:00,0
0001965,000073,12,7,0,00:00:00,00:00:00,0
0001966,000073,7,8,0,00:00:00,00:00:00,0
0001967,000073,9,9,0,00:00:00,00:00:00,0
0001968,000073,17,10,0,00:00:00,00:00:00,0
0001969,000073,14,11,0,00:00:00,00:00:00,0
0001970,000073,13,12,0,00:00:00,00:00:00,0
0001971,000073,6,13,0,00:00:00,00:00:00,0
0001972,000073,23,14,0,00:00:00,00:00:00,0
0001973,000073,22,15,0,00:00:00,00:00:00,0
0001974,000073,16,16,0,00:00:00,00:00:00,0
0001975,000073,11,17,0,00:00:00,00:00:00,0
0001976,000073,19,18,0,00:00:00,00:00:00,0
0001977,000073,20,19,0,00:00:00,00:00:00,0
0001978,000073,21,20,0,00:00:00,00:00:00,0
0001979,000073,28,21,0,00:00:00,00:00:00,0
0001980,000073,26,22,0,00:00:00,00:00:00,0
0001981,000073,15,23,0,00:00:00,00:00:00,0
0001982,000073,29,24,0,00:00:00,00:00:00,0
0001983,000073,27,25,0,00:00:00,00:00:00,0
0001984,000073,18,26,1,00:00:00,00:00:00,0
0001985,000073,10,27,1,00:00:00,00:00:00,0
0001986,000073,30,28,1,00:00:00,00:00:00,0
0001987,000073,24,29,1,00:00:00,00:00:00,0
0001988,000073,25,30,1,00:00:00,00:00:00,0
0001989,000091,2,1,0,00:00:00,00:00:00,0
0001990,000091,3,2,0,00:00:00,00:00:00,0
0001991,000091,4,3,0,00:00:00,00:00:00,0
0001992,000091,12,4,0,00:00:00,00:00:00,0
0001993,000091,5,5,0,00:00:00,00:00:00,0
0001994,000091,14,6,0,00:00:00,00:00:00,0
0001995,000091,9,7,0,00:00:00,00:00:00,0
0001996,000091,10,8,0,00:00:00,00:00:00,0
0001997,000091,11,9,0,00:00:00,00:00:00,0
0001998,000091,13,10,0,00:00:00,00:00:00,0
0001999,000091,7,11,0,00:00:00,00:00:00,0
0002000,000091,17,12,0,00:00:00,00:00:00,0
0002001,000091,19,13,0,00:00:00,00:00:00,0
0002002,000091,18,14,0,00:00:00,00:00:00,0
0002003,000091,27,15,0,00:00:00,00:00:00,0
0002004,000091,24,16,0,00:00:00,00:00:00,0
0002005,000091,16,17,0,00:00:00,00:00:00,0
0002006,000091,15,18,0,00:00:00,00:00:00,0
0002007,000091,23,19,0,00:00:00,00:00:00,0
0002008,000091,21,20,0,00:00:00,00:00:00,0
0002009,000091,26,21,0,00:00:00,00:00:00,0
0002010,000091,22,22,0,00:00:00,00:00:00,0
0002011,000091,28,23,0,00:00:00,00:00:00,0
0002012,000091,20,24,0,00:00:00,00:00:00,0
0002013,000091,25,25,1,00:00:00,00:00:00,0
0002014,000091,6,26,1,00:00:00,00:00:00,0
0002015,000091,1,27,1,00:00:00,00:00:00,0
0002016,000091,8,28,1,00:00:00,00:00:00,0
0002017,000056,3,1,0,00:00:00,00:00:00,0
0002018,000056,2,2,0,00:00:00,00:00:00,0
0002019,000056,1,3,0,00:00:00,00:00:00,0
0002020,000056,7,4,0,00:00:00,00:00:00,0
0002021,000056,4,5,0,00:00:00,00:00:00,0
0002022,000056,16,6,0,00:00:00,00:00:00,0
0002023,000056,10,7,0,00:00:00,00:00:00,0
0002024,000056,8,8,0,00:00:00,00:00:00,0
0002025,000056,11,9,0,00:00:00,00:00:00,0
0002026,000056,12,10,0,00:00:00,00:00:00,0
0002027,000056,18,11,0,00:00:00,00:00:00,0
0002028,000056,15,12,0,00:00:00,00:00:00,0
0002029,000056,14,13,0,00:00:00,00:00:00,0
0002030,000056,9,14,0,00:00:00,00:00:00,0
0002031,000056,20,15,0,00:00:00,00:00:00,0
0002032,000056,17,16,0,00:00:00,00:00:00,0
0002033,000056,5,17,0,00:00:00,00:00:00,0
0002034,000056,21,18,0,00:00:00,00:00:00,0
0002035,000056,13,19,0,00:00:00,00:00:00,0
0002036,000056,19,20,1,00:00:00,00:00:00,0
0002037,000056,6,21,1,00:00:00,00:00:00,0
0002038,000074,1,1,0,00:00:00,00:00:00,0
0002039,000074,3,2,0,00:00:00,00:00:00,0
0002040,000074,4,3,0,00:00:00,00:00:00,0
0002041,000074,6,4,0,00:00:00,00:00:00,0
0002042,000074,5,5,0,00:00:00,00:00:00,0
0002043,000074,7,6,0,00:00:00,00:00:00,0
0002044,000074,8,7,0,00:00:00,00:00:00,0
0002045,000074,12,8,0,00:00:00,00:00:00,0
0002046,000074,11,9,0,00:00:00,00:00:00,0
0002047,000074,13,10,0,00:00:00,00:00:00,0
0002048,000074,14,11,0,00:00:00,00:00:00,0
0002049,000074,17,12,0,00:00:00,00:00:00,0
0002050,000074,18,13,0,00:00:00,00:00:00,0
0002051,000074,15,14,0,00:00:00,00:00:00,0
0002052,000074,23,15,0,00:00:00,00:00:00,0
0002053,000074,21,16,0,00:00:00,00:00:00,0
0002054,000074,24,17,0,00:00:00,00:00:00,0
0002055,000074,26,18,0,00:00:00,00:00:00,0
0002056,000074,22,19,0,00:00:00,00:00:00,0
0002057,000074,27,20,0,00:00:00,00:00:00,0
0002058,000074,25,21,0,00:00:00,00:00:00,0
0002059,000074,29,22,0,00:00:00,00:00:00,0
0002060,000074,10,23,1,00:00:00,00:00:00,0
0002061,000074,19,24,1,00:00:00,00:00:00,0
0002062,000074,9,25,1,00:00:00,00:00:00,0
0002063,000074,20,26,1,00:00:00,00:00:00,0
0002064,000074,16,27,1,00:00:00,00:00:00,0
0002065,000074,2,28,1,00:00:00,00:00:00,0
0002066,000074,28,29,1,00:00:00,00:00:00,0
0002067,000092,4,1,0,00:00:00,00:00:00,0
0002068,000092,2,2,0,00:00:00,00:00:00,0
0002069,000092,10,3,0,00:00:00,00:00:00,0
0002070,000092,1,4,0,00:00:00,00:00:00,0
0002071,000092,9,5,0,00:00:00,00:00:00,0
0002072,000092,3,6,0,00:00:00,00:00:00,0
0002073,000092,17,7,0,00:00:00,00:00:00,0
0002074,000092,15,8,0,00:00:00,00:00:00,0
0002075,000092,6,9,0,00:00:00,00:00:00,0
0002076,000092,8,10,0,00:00:00,00:00:00,0
0002077,000092,12,11,0,00:00:00,00:00:00,0
0002078,000092,11,12,0,00:00:00,00:00:00,0
0002079,000092,14,13,0,00:00:00,00:00:00,0
0002080,000092,5,14,0,00:00:00,00:00:00,0
0002081,000092,13,15,0,00:00:00,00:00:00,0
0002082,000092,16,16,0,00:00:00,00:00:00,0
0002083,000092,21,17,0,00:00:00,00:00:00,0
0002084,000092,19,18,0,00:00:00,00:00:00,0
0002085,000092,18,19,0,00:00:00,00:00:00,0
0002086,000092,20,20,0,00:00:00,00:00:00,0
0002087,000092,22,21,0,00:00:00,00:00:00,0
0002088,000092,23,22,0,00:00:00,00:00:00,0
0002089,000092,26,23,0,00:00:00,00:00:00,0
0002090,000092,25,24,0,00:00:00,00:00:00,0
0002091,000092,24,25,0,00:00:00,00:00:00,0
0002092,000092,7,26,1,00:00:00,00:00:00,0
0002093,000057,7,1,0,00:00:00,00:00:00,0
0002094,000057,4,2,0,00:00:00,00:00:00,0
0002095,000057,16,3,0,00:00:00,00:00:00,0
0002096,000057,15,4,0,00:00:00,00:00:00,0
0002097,000057,10,5,0,00:00:00,00:00:00,0
0002098,000057,13,6,0,00:00:00,00:00:00,0
0002099,000057,11,7,0,00:00:00,00:00:00,0
0002100,000057,19,8,0,00:00:00,00:00:00,0
0002101,000057,3,9,0,00:00:00,00:00:00,0
0002102,000057,23,10,0,00:00:00,00:00:00,0
0002103,000057,20,11,0,00:00:00,00:00:00,0
0002104,000057,22,12,0,00:00:00,00:00:00,0
0002105,000057,21,13,0,00:00:00,00:00:00,0
0002106,000057,6,14,0,00:00:00,00:00:00,0
0002107,000057,17,15,0,00:00:00,00:00:00,0
0002108,000057,1,16,1,00:00:00,00:00:00,0
0002109,000057,5,17,1,00:00:00,00:00:00,0
0002110,000057,12,18,1,00:00:00,00:00:00,0
0002111,000057,8,19,1,00:00:00,00:00:00,0
0002112,000057,14,20,1,00:00:00,00:00:00,0
0002113,000057,2,21,1,00:00:00,00:00:00,0
0002114,000057,9,22,1,00:00:00,00:00:00,0
0002115,000057,18,23,1,00:00:00,00:00:00,0
0002116,000075,1,1,0,00:00:00,00:00:00,0
0002117,000075,3,2,0,00:00:00,00:00:00,0
0002118,000075,4,3,0,00:00:00,00:00:00,0
0002119,000075,5,4,0,00:00:00,00:00:00,0
0002120,000075,2,5,0,00:00:00,00:00:00,0
0002121,000075,7,6,0,00:00:00,00:00:00,0
0002122,000075,14,7,0,00:00:00,00:00:00,0
0002123,000075,20,8,0,00:00:00,00:00:00,0
0002124,000075,18,9,0,00:00:00,00:00:00,0
0002125,000075,6,10,0,00:00:00,00:00:00,0
0002126,000075,8,11,0,00:00:00,00:00:00,0
0002127,000075,12,12,0,00:00:00,00:00:00,0
0002128,000075,17,13,0,00:00:00,00:00:00,0
0002129,000075,11,14,0,00:00:00,00:00:00,0
0002130,000075,21,15,0,00:00:00,00:00:00,0
0002131,000075,13,16,0,00:00:00,00:00:00,0
0002132,000075,23,17,0,00:00:00,00:00:00,0
0002133,000075,29,18,0,00:00:00,00:00:00,0
0002134,000075,26,19,0,00:00:00,00:00:00,0
0002135,000075,22,20,0,00:00:00,00:00:00,0
0002136,000075,24,21,1,00:00:00,00:00:00,0
0002137,000075,16,22,1,00:00:00,00:00:00,0
0002138,000075,27,23,1,00:00:00,00:00:00,0
0002139,000075,28,24,1,00:00:00,00:00:00,0
0002140,000075,9,25,1,00:00:00,00:00:00,0
0002141,000075,15,26,1,00:00:00,00:00:00,0
0002142,000075,25,27,1,00:00:00,00:00:00,0
0002143,000075,19,28,1,00:00:00,00:00:00,0
0002144,000075,10,29,1,00:00:00,00:00:00,0
0002145,000093,14,1,0,00:00:00,00:00:00,0
0002146,000093,6,2,0,00:00:00,00:00:00,0
0002147,000093,5,3,0,00:00:00,00:00:00,0
0002148,000093,16,4,0,00:00:00,00:00:00,0
0002149,000093,8,5,0,00:00:00,00:00:00,0
0002150,000093,1,6,0,00:00:00,00:00:00,0
0002151,000093,19,7,0,00:00:00,00:00:00,0
0002152,000093,10,8,0,00:00:00,00:00:00,0
0002153,000093,9,9,0,00:00:00,00:00:00,0
0002154,000093,2,10,0,00:00:00,00:00:00,0
0002155,000093,20,11,0,00:00:00,00:00:00,0
0002156,000093,4,12,0,00:00:00,00:00:00,0
0002157,000093,11,13,0,00:00:00,00:00:00,0
0002158,000093,26,14,0,00:00:00,00:00:00,0
0002159,000093,15,15,0,00:00:00,00:00:00,0
0002160,000093,7,16,0,00:00:00,00:00:00,0
0002161,000093,27,17,0,00:00:00,00:00:00,0
0002162,000093,28,18,0,00:00:00,00:00:00,0
0002163,000093,17,19,0,00:00:00,00:00:00,0
0002164,000093,18,20,0,00:00:00,00:00:00,0
0002165,000093,23,21,0,00:00:00,00:00:00,0
0002166,000093,25,22,0,00:00:00,00:00:00,0
0002167,000093,13,23,1,00:00:00,00:00:00,0
0002168,000093,22,24,1,00:00:00,00:00:00,0
0002169,000093,21,25,1,00:00:00,00:00:00,0
0002170,000093,24,26,1,00:00:00,00:00:00,0
0002171,000093,12,27,1,00:00:00,00:00:00,0
0002172,000093,3,28,1,00:00:00,00:00:00,0
0002173,000058,1,1,0,00:00:00,00:00:00,0
0002174,000058,3,2,0,00:00:00,00:00:00,0
0002175,000058,2,3,0,00:00:00,00:00:00,0
0002176,000058,8,4,0,00:00:00,00:00:00,0
0002177,000058,5,5,0,00:00:00,00:00:00,0
0002178,000058,6,6,0,00:00:00,00:00:00,0
0002179,000058,4,7,0,00:00:00,00:00:00,0
0002180,000058,11,8,0,00:00:00,00:00:00,0
0002181,000058,13,9,0,00:00:00,00:00:00,0
0002182,000058,19,10,0,00:00:00,00:00:00,0
0002183,000058,22,11,0,00:00:00,00:00:00,0
0002184,000058,12,12,0,00:00:00,00:00:00,0
0002185,000058,16,13,0,00:00:00,00:00:00,0
0002186,000058,21,14,0,00:00:00,00:00:00,0
0002187,000058,20,15,0,00:00:00,00:00:00,0
0002188,000058,18,16,0,00:00:00,00:00:00,0
0002189,000058,9,17,0,00:00:00,00:00:00,0
0002190,000058,17,18,1,00:00:00,00:00:00,0
0002191,000058,10,19,1,00:00:00,00:00:00,0
0002192,000058,7,20,1,00:00:00,00:00:00,0
0002193,000058,14,21,1,00:00:00,00:00:00,0
0002194,000058,15,22,1,00:00:00,00:00:00,0
0002195,000076,2,1,0,00:00:00,00:00:00,0
0002196,000076,1,2,0,00:00:00,00:00:00,0
0002197,000076,8,3,0,00:00:00,00:00:00,0
0002198,000076,4,4,0,00:00:00,00:00:00,0
0002199,000076,6,5,0,00:00:00,00:00:00,0
0002200,000076,14,6,0,00:00:00,00:00:00,0
0002201,000076,10,7,0,00:00:00,00:00:00,0
0002202,000076,7,8,0,00:00:00,00:00:00,0
0002203,000076,5,9,0,00:00:00,00:00:00,0
0002204,000076,15,10,0,00:00:00,00:00:00,0
0002205,000076,3,11,0,00:00:00,00:00:00,0
0002206,000076,12,12,0,00:00:00,00:00:00,0
0002207,000076,17,13,0,00:00:00,00:00:00,0
0002208,000076,13,14,0,00:00:00,00:00:00,0
0002209,000076,29,15,0,00:00:00,00:00:00,0
0002210,000076,28,16,0,00:00:00,00:00:00,0
0002211,000076,21,17,0,00:00:00,00:00:00,0
0002212,000076,16,18,0,00:00:00,00:00:00,0
0002213,000076,24,19,0,00:00:00,00:00:00,0
0002214,000076,23,20,0,00:00:00,00:00:00,0
0002215,000076,25,21,0,00:00:00,00:00:00,0
0002216,000076,27,22,0,00:00:00,00:00:00,0
0002217,000076,26,23,0,00:00:00,00:00:00,0
0002218,000076,22,24,0,00:00:00,00:00:00,0
0002219,000076,31,25,0,00:00:00,00:00:00,0
0002220,000076,30,26,1,00:00:00,00:00:00,0
0002221,000076,11,27,1,00:00:00,00:00:00,0
0002222,000076,20,28,1,00:00:00,00:00:00,0
0002223,000076,9,29,1,00:00:00,00:00:00,0
0002224,000076,18,30,1,00:00:00,00:00:00,0
0002225,000076,19,-1,0,00:00:00,00:00:00,0
0002226,000094,14,1,0,00:00:00,00:00:00,0
0002227,000094,16,2,0,00:00:00,00:00:00,0
0002228,000094,8,3,0,00:00:00,00:00:00,0
0002229,000094,11,4,0,00:00:00,00:00:00,0
0002230,000094,12,5,0,00:00:00,00:00:00,0
0002231,000094,10,6,0,00:00:00,00:00:00,0
0002232,000094,13,7,0,00:00:00,00:00:00,0
0002233,000094,6,8,0,00:00:00,00:00:00,0
0002234,000094,18,9,0,00:00:00,00:00:00,0
0002235,000094,9,10,0,00:00:00,00:00:00,0
0002236,000094,3,11,0,00:00:00,00:00:00,0
0002237,000094,26,12,0,00:00:00,00:00:00,0
0002238,000094,21,13,0,00:00:00,00:00:00,0
0002239,000094,19,14,0,00:00:00,00:00:00,0
0002240,000094,15,15,0,00:00:00,00:00:00,0
0002241,000094,22,16,0,00:00:00,00:00:00,0
0002242,000094,23,17,0,00:00:00,00:00:00,0
0002243,000094,20,18,0,00:00:00,00:00:00,0
0002244,000094,5,19,0,00:00:00,00:00:00,0
0002245,000094,17,20,0,00:00:00,00:00:00,0
0002246,000094,24,21,0,00:00:00,00:00:00,0
0002247,000094,25,22,0,00:00:00,00:00:00,0
0002248,000094,27,23,0,00:00:00,00:00:00,0
0002249,000094,4,24,1,00:00:00,00:00:00,0
0002250,000094,1,25,1,00:00:00,00:00:00,0
0002251,000094,2,26,1,00:00:00,00:00:00,0
0002252,000094,7,-1,0,00:00:00,00:00:00,0
0002253,000059,2,1,0,00:00:00,00:00:00,0
0002254,000059,1,2,0,00:00:00,00:00:00,0
0002255,000059,3,3,0,00:00:00,00:00:00,0
0002256,000059,4,4,0,00:00:00,00:00:00,0
0002257,000059,8,5,0,00:00:00,00:00:00,0
0002258,000059,5,6,0,00:00:00,00:00:00,0
0002259,000059,7,7,0,00:00:00,00:00:00,0
0002260,000059,18,8,0,00:00:00,00:00:00,0
0002261,000059,12,9,0,00:00:00,00:00:00,0
0002262,000059,10,10,0,00:00:00,00:00:00,0
0002263,000059,11,11,0,00:00:00,00:00:00,0
0002264,000059,13,12,0,00:00:00,00:00:00,0
0002265,000059,19,13,0,00:00:00,00:00:00,0
0002266,000059,20,14,0,00:00:00,00:00:00,0
0002267,000059,15,15,0,00:00:00,00:00:00,0
0002268,000059,14,16,0,00:00:00,00:00:00,0
0002269,000059,17,17,0,00:00:00,00:00:00,0
0002270,000059,16,18,0,00:00:00,00:00:00,0
0002271,000059,6,19,1,00:00:00,00:00:00,0
0002272,000059,9,20,1,00:00:00,00:00:00,0
0002273,000077,5,1,0,00:00:00,00:00:00,0
0002274,000077,4,2,0,00:00:00,00:00:00,0
0002275,000077,3,3,0,00:00:00,00:00:00,0
0002276,000077,2,4,0,00:00:00,00:00:00,0
0002277,000077,7,5,0,00:00:00,00:00:00,0
0002278,000077,12,6,0,00:00:00,00:00:00,0
0002279,000077,10,7,0,00:00:00,00:00:00,0
0002280,000077,9,8,0,00:00:00,00:00:00,0
0002281,000077,13,9,0,00:00:00,00:00:00,0
0002282,000077,8,10,0,00:00:00,00:00:00,0
0002283,000077,15,11,0,00:00:00,00:00:00,0
0002284,000077,6,12,0,00:00:00,00:00:00,0
0002285,000077,19,13,0,00:00:00,00:00:00,0
0002286,000077,16,14,0,00:00:00,00:00:00,0
0002287,000077,14,15,0,00:00:00,00:00:00,0
0002288,000077,22,16,0,00:00:00,00:00:00,0
0002289,000077,20,17,0,00:00:00,00:00:00,0
0002290,000077,29,18,0,00:00:00,00:00:00,0
0002291,000077,24,19,0,00:00:00,00:00:00,0
0002292,000077,11,20,0,00:00:00,00:00:00,0
0002293,000077,17,21,0,00:00:00,00:00:00,0
0002294,000077,25,22,0,00:00:00,00:00:00,0
0002295,000077,26,23,0,00:00:00,00:00:00,0
0002296,000077,23,24,0,00:00:00,00:00:00,0
0002297,000077,21,25,0,00:00:00,00:00:00,0
0002298,000077,18,26,1,00:00:00,00:00:00,0
0002299,000077,28,27,1,00:00:00,00:00:00,0
0002300,000095,17,1,0,00:00:00,00:00:00,0
0002301,000095,10,2,0,00:00:00,00:00:00,0
0002302,000095,23,3,0,00:00:00,00:00:00,0
0002303,000095,5,4,0,00:00:00,00:00:00,0
0002304,000095,13,5,0,00:00:00,00:00:00,0
0002305,000095,14,6,0,00:00:00,00:00:00,0
0002306,000095,3,7,0,00:00:00,00:00:00,0
0002307,000095,11,8,0,00:00:00,00:00:00,0
0002308,000095,9,9,0,00:00:00,00:00:00,0
0002309,000095,26,10,0,00:00:00,00:00:00,0
0002310,000095,15,11,0,00:00:00,00:00:00,0
0002311,000095,8,12,0,00:00:00,00:00:00,0
0002312,000095,7,13,0,00:00:00,00:00:00,0
0002313,000095,19,14,0,00:00:00,00:00:00,0
0002314,000095,12,15,0,00:00:00,00:00:00,0
0002315,000095,27,16,0,00:00:00,00:00:00,0
0002316,000095,24,17,0,00:00:00,00:00:00,0
0002317,000095,4,18,0,00:00:00,00:00:00,0
0002318,000095,22,19,0,00:00:00,00:00:00,0
0002319,000095,1,20,1,00:00:00,00:00:00,0
0002320,000095,25,21,1,00:00:00,00:00:00,0
0002321,000095,2,22,1,00:00:00,00:00:00,0
0002322,000095,20,23,1,00:00:00,00:00:00,0
0002323,000095,18,24,1,00:00:00,00:00:00,0
0002324,000095,21,25,1,00:00:00,00:00:00,0
0002325,000095,6,26,1,00:00:00,00:00:00,0
0002326,000095,16,27,1,00:00:00,00:00:00,0
